0,600795-601985,601288-601988,603296-002252,601633-603296,601669-603296,600026-603296,600132-603296,601618-601669,601328-603296,603296-000157,Total
2017-06-01,,,,,,,,,,,
2017-06-02,2000.0,2000.0,2000.0,2000.0,2000.0,2000.0,2000.0,2000.0,2000.0,2000.0,2000.0
2017-06-05,1910.000000000001,2000.0,2000.0,2000.0,2000.0,2000.0,2000.0,2000.0,2000.0,2000.0,1992.1727803693063
2017-06-06,1980.000000000001,2000.0,2000.0,2000.0,2000.0,2000.0,2000.0,2000.0,2000.0,2000.0,1998.260617859846
2017-06-07,1980.000000000001,2000.0,2000.0,2000.0,2000.0,2000.0,2000.0,2000.0,2000.0,2000.0,1998.260617859846
2017-06-08,1980.000000000001,2000.0,2000.0,2000.0,2000.0,2000.0,2000.0,2000.0,2000.0,2000.0,1998.260617859846
2017-06-09,2130.000000000001,2000.0,2000.0,2000.0,2000.0,2000.0,2000.0,2000.0,2000.0,2000.0,2011.3059839110022
2017-06-12,2160.000000000001,2000.0,2000.0,2000.0,2000.0,2000.0,2000.0,2000.0,2000.0,2000.0,2013.9150571212335
2017-06-13,2170.000000000001,2000.0,2000.0,2000.0,2000.0,2000.0,2000.0,2000.0,2000.0,2000.0,2014.7847481913107
2017-06-14,2110.000000000001,2000.0,2000.0,2000.0,2000.0,2000.0,2000.0,2000.0,2000.0,2000.0,2009.566601770848
2017-06-15,2040.000000000001,2000.0,2000.0,2000.0,2000.0,2000.0,2000.0,2000.0,2000.0,2000.0,2003.4787642803083
2017-06-16,1970.000000000001,2000.0,2000.0,2000.0,2000.0,2000.0,2000.0,2000.0,2000.0,2000.0,1997.3909267897689
2017-06-19,2110.000000000001,2000.0,2000.0,2000.0,2000.0,2000.0,2000.0,2000.0,2000.0,2000.0,2009.566601770848
2017-06-20,2030.000000000001,2000.0,2000.0,2000.0,2000.0,2000.0,2000.0,2000.0,2000.0,2000.0,2002.6090732102314
2017-06-21,2070.000000000001,2000.0,2000.0,2000.0,2000.0,2000.0,2000.0,2000.0,2000.0,2000.0,2006.0878374905399
2017-06-22,2100.000000000001,2000.0,2000.0,2000.0,2000.0,2000.0,2000.0,2000.0,2000.0,2000.0,2008.696910700771
2017-06-23,2110.000000000001,2000.0,2000.0,2000.0,2000.0,2000.0,2000.0,2000.0,2000.0,2000.0,2009.566601770848
2017-06-26,2100.000000000001,2000.0,2000.0,2000.0,2000.0,2000.0,-539.2104157916765,2000.0,2000.0,2000.0,2003.4645299091078
2017-06-27,2070.000000000001,2000.0,2000.0,-107.89473684209224,2000.0,2000.0,-274.069718605635,2000.0,2000.0,2000.0,1990.9591364971618
2017-06-28,1980.000000000001,2000.0,2000.0,3196.84210526316,2000.0,2000.0,1556.7870642587077,2000.0,2000.0,2000.0,2003.2765694634206
2017-06-29,2010.000000000001,2000.0,2000.0,2995.2631578947476,2000.0,2000.0,151.64636707266618,2000.0,2000.0,2000.0,2001.9915252663648
2017-06-30,2030.000000000001,2000.0,2000.0,2853.1578947368544,2000.0,2000.0,3070.7097858042835,2000.0,2000.0,2000.0,2009.042025077905
2017-07-03,2020.000000000001,2000.0,2000.0,1026.3157894736942,2000.0,2000.0,-48.0722385552217,2000.0,2000.0,2000.0,1992.6953480065424
2017-07-04,2297.7222222222226,2000.0,2000.0,596.8421052631602,2000.0,2000.0,-408.714825703486,2000.0,2000.0,2000.0,2013.9778029232084
2017-07-05,2317.7222222222226,2000.0,2000.0,986.8421052631602,2000.0,2000.0,-1589.8530029399408,2000.0,2000.0,2000.0,2015.2153837132105
2017-07-06,2297.7222222222226,2000.0,2000.0,-560.0,2000.0,2000.0,-1938.1394372112554,2000.0,2000.0,2000.0,2005.0951324567552
2017-07-07,2337.7222222222226,2000.0,2000.0,-2672.105263157893,2000.0,2000.0,-1671.070978580421,2000.0,2000.0,2000.0,1998.6606896625642
2017-07-10,2397.7222222222226,2000.0,2000.0,-917.3684210526262,2000.0,2000.0,-3112.423351532969,2000.0,2000.0,2000.0,2009.6018434357754
2017-07-11,2347.7222222222226,2000.0,2000.0,-1248.9473684210534,2000.0,2000.0,-3033.2801343973115,2000.0,2000.0,2000.0,2003.773804781266
2017-07-12,2247.7222222222226,2000.0,2000.0,880.5263157894806,2000.0,2000.0,-4261.63376732466,2000.0,2000.0,2000.0,2003.0952897335585
2017-07-13,2317.7222222222226,1814.6518105849582,2000.0,1186.8421052631747,2000.0,2000.0,-3668.849223015539,2000.0,2000.0,2000.0,1966.0827062938156
2017-07-14,2357.7222222222226,1965.5431754874653,2000.0,1270.5263157894806,2000.0,2000.0,-4083.1331373372523,2000.0,2000.0,2000.0,2006.4401064937558
2017-07-17,2327.7222222222226,1970.4456824512536,2000.0,2133.6842105263204,2000.0,2000.0,-489.07601847963815,2000.0,2000.0,2000.0,2016.7256837782434
2017-07-18,2477.7222222222226,1969.1086350974929,2000.0,5786.84210526316,2000.0,2000.0,-1434.1369172616542,2000.0,2000.0,2000.0,2045.590988104242
2017-07-19,2477.7222222222226,1958.6629526462398,2000.0,4762.105263157893,634.9397590361623,2000.0,-1735.9974800503987,2000.0,2000.0,2000.0,2033.592330299822
2017-07-20,2527.7222222222226,1960.0,2000.0,5524.210526315801,1525.3012048192904,2000.0,-2843.7757244855165,2000.0,2000.0,2000.0,2042.1884372825768
2017-07-21,2457.7222222222226,1980.4456824512536,2000.0,2030.5263157894806,1380.0,2000.0,-2628.206635867289,2000.0,2000.0,2000.0,2023.8977405193314
2017-07-24,2417.7222222222226,1970.8913649025067,2000.0,2375.7894736842136,3414.2168674698914,2000.0,-2725.489290214202,2000.0,2000.0,2000.0,2025.1045762999054
2017-07-25,2437.7222222222226,2004.4568245125347,2000.0,2692.105263157893,3963.9759036144533,2000.0,-914.1369172616542,2000.0,2000.0,2000.0,2041.9416172354888
2017-07-26,2447.7222222222226,2006.6852367688025,2000.0,1396.8421052631602,1989.759036144591,2000.0,-1089.2104157916765,2000.0,2000.0,2000.0,2031.209659303667
2017-07-27,2337.7222222222226,2015.7938718662954,2000.0,5793.68421052632,-67225.90361445783,2000.0,3179.504409911795,2000.0,2000.0,2000.0,1866.0218729072355
2017-07-28,2337.7222222222226,2005.7938718662954,2000.0,-67902.63157894736,-66886.14457831324,2000.0,3271.5791684166325,2000.0,2000.0,2000.0,1499.5661097073125
2017-07-31,2277.7222222222226,1955.3481894150418,2000.0,-67105.26315789473,-66886.14457831324,2000.0,3062.5829483410344,2000.0,2000.0,2000.0,1485.3915356063385
2017-08-01,2297.7222222222226,1946.6852367688025,2000.0,-66998.94736842105,-67480.72289156626,2000.0,1769.865602687947,2000.0,2000.0,2000.0,1481.232468275167
2017-08-02,2147.7222222222226,1908.9136490250698,2000.0,-67371.05263157895,-66121.68674698794,2000.0,471.36497270055406,2000.0,2000.0,2000.0,1458.0266653672868
2017-08-03,2087.7222222222226,1867.5766016713096,2000.0,-67158.42105263157,-65527.10843373493,2000.0,97.14825703485985,2000.0,2000.0,2000.0,1444.486354118471
2017-08-04,2117.7222222222226,1897.5766016713087,2000.0,-66414.21052631577,-65187.349397590355,2000.0,2733.855522889542,2000.0,2000.0,2000.0,1464.560107545773
2017-08-07,2127.7222222222226,1886.239554317549,2000.0,-65616.84210526316,-65357.228915662636,615.08005822415,2413.2129357412778,2000.0,2000.0,2000.0,1458.844084494233
2017-08-08,2097.7222222222226,1815.793871866295,2000.0,-67424.21052631579,-65781.92771084337,1960.0873362445418,5404.136917261654,2000.0,2000.0,2000.0,1441.284140613406
2017-08-09,2077.7222222222226,1832.674094707521,2000.0,-67583.6842105263,-65187.349397590355,-70759.95633187772,-69788.92902141958,2000.0,2000.0,2000.0,942.5817773210722
2017-08-10,2117.7222222222226,1822.2284122562673,2000.0,-67158.42105263157,-65951.80722891566,-72229.85443959244,-69426.35867282655,2000.0,2000.0,2000.0,937.2353211359355
2017-08-11,2147.7222222222226,1862.674094707521,2000.0,-67052.1052631579,-65781.92771084337,-68765.09461426492,-68912.71734565309,2000.0,2000.0,2000.0,968.428771630437
2017-08-14,2187.7222222222226,1860.8913649025067,2000.0,-67105.26315789473,-66546.38554216867,-69605.0363901019,-69094.0025199496,2000.0,2000.0,2000.0,964.74013542684
2017-08-15,2127.7222222222226,1772.674094707521,2000.0,-67371.05263157895,-66291.56626506023,-68765.09461426492,-69305.50188996221,2000.0,-1150.1765650080197,2000.0,909.6895224120981
2017-08-16,2157.7222222222226,1761.7827298050133,1752.622222222224,-67317.89473684209,204.02985074627213,-68450.11644832605,-70242.14195716086,2000.0,-2760.0,2000.0,1061.3779131508497
2017-08-17,-5542.277777777778,1792.6740947075214,2387.308641975309,-66945.78947368421,5766.417910447766,-69080.07278020379,-70211.92776144476,2000.0,151.89406099518237,2000.0,476.11035715821725
2017-08-18,-5542.277777777778,1802.2284122562673,1992.5037037037036,-66467.36842105263,3783.4328358209023,-68765.09461426492,-69698.28643427131,2000.0,-1676.035313001601,2000.0,438.83389010552423
2017-08-21,-5542.277777777778,1822.674094707521,2032.483950617283,-68434.21052631579,3741.9402985074557,-69185.06550218341,-68338.64762704747,2000.0,-1640.0,2000.0,437.33266359205237
2017-08-22,-5542.277777777778,1854.4568245125347,1455.2691358024676,-68434.21052631579,1129.7014925373078,-68660.10189228531,-68701.21797564048,2000.0,-3826.035313001601,2000.0,387.34973990883316
2017-08-23,-5542.277777777778,1857.130919220056,1582.7061728395056,-67317.89473684209,833.7313432835799,-67610.17467248908,-68429.29021419572,2000.0,-2572.2471910112363,2000.0,417.474688680409
2017-08-24,-5542.277777777778,1898.9136490250703,1455.2691358024676,95.26073619633098,-381.49253731343197,-66770.23289665212,-67432.2217555649,2000.0,-3454.1412520064187,2000.0,749.0194549314945
2017-08-25,-5542.277777777778,1874.2618384401117,1752.622222222224,2489.8082822086,3327.164179104482,-67715.1673944687,-68187.57664846703,2000.0,2074.6227929374,2000.0,829.1322711104857
2017-08-28,-5542.277777777778,1802.0334261838439,2047.4765432098757,2592.055214723936,4708.6567164179,-68240.13100436682,-67885.43469130617,2000.0,4246.340288924563,2000.0,850.8374642273623
2017-08-29,-5542.277777777778,1753.8161559888576,1845.0765432098779,387.31595092025236,3697.164179104482,-68030.14556040757,-67734.36371272574,2000.0,2940.4815409309813,2000.0,802.8430190552735
2017-08-30,-5542.277777777778,1751.5877437325908,1950.0246913580268,236.74079754600825,4016.417910447766,-68450.11644832605,-67462.43595128098,2000.0,3236.5168539325823,2000.0,809.5178962645718
2017-08-31,-5542.277777777778,5938.022284122562,1932.5333333333365,547.1242331288377,3241.1940298507398,-67925.15283842795,-66616.43847123058,2000.0,2298.7640449438186,2000.0,1838.4056425125605
2017-09-01,-6298.666666666667,5864.902506963788,2124.9382716049404,619.7546012270031,3305.970149253728,-68765.09461426492,-65830.86938261235,2000.0,2077.046548956656,2000.0,1760.8407534048986
2017-09-04,-5974.5,5917.130919220055,2034.9827160493842,2161.6717791411065,3248.2089552238904,-67820.16011644833,-66827.93784124318,2000.0,2088.940609951853,2000.0,1807.171796999778
2017-09-05,-5693.555555555556,6021.587743732591,2459.772839506175,3291.096625766877,4343.73134328358,-67505.18195050946,-66948.79462410751,2000.0,4408.764044943819,2000.0,1912.8886185067709
2017-09-06,-5715.166666666666,6021.587743732591,2649.6790123456776,3607.3159509202524,86324.62686567164,-67715.1673944687,-66888.36623267535,2000.0,4672.905296950237,2000.0,2147.7023085645633
2017-09-07,-5607.111111111111,6000.696378830084,2962.024691358023,4350.138036809818,85014.92537313433,-66980.21834061136,-67039.43721125578,2000.0,5674.975922953439,2000.0,2181.8685209907876
2017-09-08,-5563.888888888889,5969.359331476323,2724.6419753086448,3146.549079754608,84309.70149253731,-67295.19650655022,-67402.0075598488,2000.0,4105.1524879614735,2000.0,2139.5644006108496
2017-09-11,-5412.611111111111,5990.25069637883,3264.3753086419783,5052.960122699398,84309.70149253731,-67505.18195050946,-67704.14951700966,2000.0,6389.1171749598725,2000.0,2217.145992806204
2017-09-12,-5412.611111111111,6011.142061281336,3029.491358024694,4810.329754601233,84208.9552238806,-67715.1673944687,-66133.0113397732,2000.0,5697.046548956656,2000.0,2203.6539304667226
2017-09-13,-5391.0,5990.25069637883,2924.543209876545,4073.343558282213,84208.9552238806,-67190.20378457059,-66465.36749265014,2000.0,4657.22311396469,2000.0,2182.6783510461546
2017-09-14,-5326.166666666667,5958.913649025069,2912.0493827160535,3516.1656441717787,83906.71641791046,-67190.20378457059,-65951.72616547669,2000.0,3615.5056179775274,2000.0,2167.1314243190177
2017-09-15,-5326.166666666667,5927.57660167131,3079.466666666667,4820.138036809818,84309.70149253731,-66455.25473071325,-65649.58420831583,2000.0,4037.5762439807295,2000.0,2184.2087621947276
2017-09-18,-5326.166666666667,5864.902506963788,2774.617283950618,4297.507668711667,84309.70149253731,-66560.24745269287,-64350.37379252416,2000.0,2445.6821829855617,2000.0,2136.275016668906
2017-09-19,-5282.944444444444,5885.793871866295,2874.567901234568,5014.493865030672,84208.9552238806,-65930.29112081513,-63051.16337673247,2000.0,2969.646869983946,2000.0,2164.6803325277488
2017-09-20,-5282.944444444444,5875.348189415042,3229.392592592594,5166.549079754608,83805.97014925373,-66560.24745269287,-64561.87316253675,2000.0,3893.7881219903647,2000.0,2183.7748529262435
2017-09-21,-5347.777777777777,5938.022284122562,-16755.733333333334,5362.384969325154,83805.97014925373,-66245.269286754,-63353.30533389332,2000.0,5533.611556982345,2000.0,1141.34176033893
2017-09-22,-5369.38888888889,5958.913649025069,-16920.65185185185,4829.179447852774,83906.71641791046,-65195.34206695779,-63776.30407391852,2000.0,4997.5762439807295,2000.0,1132.2739030781822
2017-09-25,-5369.38888888889,6021.587743732591,-17178.024691358023,3672.384969325154,84208.9552238806,-64460.393013100445,-63111.59176816464,2000.0,4587.399678972724,2000.0,1129.888146585486
2017-09-26,-5369.38888888889,6021.587743732591,-18205.017283950616,-881.395705521456,84208.9552238806,-65195.34206695779,-63987.803443931116,2000.0,353.43499197431083,1782.7713355048863,918.4084449901993
2017-09-27,-5347.777777777777,5990.25069637883,-18102.567901234568,-91.01226993865566,83705.22388059701,-65090.34934497817,-64078.44603107938,2000.0,143.61155698234506,1836.4364820846904,940.2873358999047
2017-09-28,-5239.722222222223,6011.142061281336,-17977.629629629628,-224.98466257668042,83503.73134328358,-64460.393013100445,-63866.94666106679,2000.0,519.6468699839461,1855.2964169381103,975.026495621075
2017-09-29,-5174.888888888889,5990.25069637883,-17590.320987654322,1325.0153374233196,82899.25373134328,-64670.378457059676,-64682.72994540109,2000.0,1945.6821829855617,1954.7622149837134,1053.4258857984614
2017-10-09,-5218.111111111111,5958.913649025069,-17770.23209876543,605.0153374233196,82697.76119402985,-65510.32023289666,-64712.94414111717,2000.0,1225.6821829855617,2043.2039087947878,1052.3428835376133
2017-10-10,-5239.722222222223,5948.467966573816,-17347.94074074074,2295.0153374233196,83000.0,-65930.29112081513,-65438.08483830323,2000.0,3659.4703049759264,2210.7504885993485,1167.152590123966
2017-10-11,-5261.333333333333,6011.142061281336,-17450.39012345679,1885.0153374233196,82798.50746268657,-65615.31295487628,-66767.50944981101,2000.0,3249.4703049759264,2197.0853420195435,1161.9624408373047
2017-10-12,-5261.333333333333,5969.359331476323,-17400.414814814812,2085.0153374233196,81891.79104477612,-65300.33478893741,-67402.0075598488,2000.0,2705.6821829855617,2208.629315960912,1152.3000326316348
2017-10-13,-5218.111111111111,5927.57660167131,-17290.46913580247,2525.0153374233196,81791.04477611941,-65510.32023289666,-65921.5119697606,2000.0,3021.717495987148,2264.026058631922,1180.834542641182
2017-10-16,-5218.111111111111,5969.359331476323,-16515.85185185185,9745.83588957056,81791.04477611941,-65195.34206695779,-63051.16337673247,2000.0,6617.5762439807295,-2277.0423452768728,-503.85996742974123
2017-10-17,-5174.888888888889,5927.57660167131,-16985.61975308642,7358.657975460126,81186.56716417911,-65195.34206695779,-62658.37883242335,2000.0,4117.752808988764,-2385.5557003257336,-616.2748960337273
2017-10-18,-5261.333333333333,5990.25069637883,-16313.451851851853,10872.82208588958,82093.28358208956,-64670.378457059676,-63927.375052498945,2000.0,80717.57624398073,-2230.2892508143323,262.57286945979865
2017-10-19,-5261.333333333333,6021.587743732591,-17247.990123456788,7766.7944785276195,82496.26865671642,-63725.443959243086,-62023.880722385555,2000.0,81213.43499197431,-2446.161563517915,132.8563952934059
2017-10-20,-5239.722222222223,6000.696378830084,-17115.555555555555,7599.42484662577,81992.53731343284,-66140.27656477438,-62567.7362452751,2000.0,80841.54093097914,-2415.5700325732896,130.40968939979882
2017-10-23,-5196.5,5948.467966573816,-17962.637037037035,3321.8634969325212,81388.05970149254,-66035.28384279477,-2320.744033692099,2000.0,80345.68218298556,-2611.2403908794786,94.47900396978599
2017-10-24,-5304.555555555556,5969.359331476323,-17617.807407407407,5589.42484662577,82597.01492537314,-65720.3056768559,-2730.636406176898,2000.0,80717.57624398073,-2531.5869706840394,159.44714577862402
2017-10-25,-5282.944444444444,5938.022284122562,-16853.185185185186,83909.23312883436,82395.5223880597,-65615.31295487628,1081.1183902667253,2000.0,80345.68218298556,-2354.964169381108,657.3976621555612
2017-10-26,-5304.555555555556,5864.902506963788,-16738.24197530864,82704.6855828221,83402.98507462686,-65720.3056768559,1970.6925596630754,2000.0,79477.92937399678,-2328.4130293159606,643.7991990859377
2017-10-27,-5369.38888888889,5885.793871866295,-16565.827160493827,80422.38496932515,82194.02985074627,-65720.3056768559,1013.9915769770596,2000.0,79849.82343499198,-2288.5863192182405,655.5930747910816
2017-10-30,-5369.38888888889,5906.6852367688025,-16588.316049382716,79027.64570552149,81992.53731343284,-65720.3056768559,1783.1399157697597,2000.0,79601.89406099518,-2293.7811074918563,649.1651833098929
2017-10-31,1911.6422287390014,5906.6852367688025,-16548.335802469137,75794.3865030675,80783.58208955225,-65720.3056768559,2730.6925596630754,2000.0,79106.0353130016,-2284.5459283387627,1265.9978819602184
2017-11-01,1846.0703812316697,5896.239554317549,-15673.767901234569,74146.0582822086,81186.56716417911,-65405.327510917035,78929.57416939634,2000.0,78486.21187800964,-2082.5263843648213,1530.7952872684507
2017-11-02,1888.8563049853365,5885.793871866295,-15818.696296296297,74526.44171779141,81085.82089552238,-64145.41484716158,80647.87084698174,2000.0,78610.17656500802,-2116.003908794789,1523.1490665727256
2017-11-03,1901.6422287390014,5885.793871866295,-15104.04938271605,74843.42791411043,80481.34328358209,-62360.538573508005,78571.59569489938,1939.999999999999,78858.10593900482,-1950.925081433225,1623.9534670246621
2017-11-06,1833.2844574780047,5844.011142061281,-15333.935802469136,73512.08588957055,78768.65671641791,-62465.53129548763,77927.23444080487,1830.1532567049808,78362.24719101124,-2004.0273615635183,1535.495144998651
2017-11-07,1743.2844574780047,5875.348189415042,-15428.888888888887,73892.46932515338,78970.14925373135,-63305.4730713246,78571.59569489938,1789.999999999999,78982.07062600322,-2025.9609120521172,1519.8494218597468
2017-11-08,1914.4281524926673,5875.348189415042,-14869.165432098765,73955.86656441719,79070.89552238806,-62990.49490538574,77963.03228825456,1860.1532567049808,79106.0353130016,-1896.668403908795,1631.7177529479775
2017-11-09,2061.1436950146617,5844.011142061281,-15029.086419753086,74653.23619631903,78768.65671641791,-63095.487627365364,78142.02152550303,1830.1532567049808,78486.21187800964,-1933.6091205211728,1604.140996926436
2017-11-10,2049.999999999999,5791.782729805014,-14786.706172839506,74653.23619631903,77257.46268656716,-62675.51673944687,79287.5526438933,1845.5747126436772,77742.42375601927,-1877.6208469055377,1621.4901824634271
2017-11-13,2069.999999999999,5802.228412256267,1319.7409943435523,73829.07208588958,76048.50746268657,-62570.52401746726,79681.32896583996,1740.613026819923,77990.35313001605,1822.7984519202137,3946.659608019591
2017-11-14,9883.929618768329,5770.891364902507,1917.8267341470673,73004.90797546013,75645.5223880597,-62570.52401746726,76638.51193261582,1715.651340996168,77370.52969502407,2021.527240250075,4707.804548361424
2017-11-15,9861.143695014662,5770.891364902507,2165.1086632926454,73004.90797546013,75544.77611940299,-62045.56040756914,76495.32054281702,1705.651340996168,77246.56500802569,2113.4236379874965,4754.674965753048
2017-11-16,9656.07038123167,1987.1191135734066,1874.304852634712,73068.30521472394,74436.56716417911,-61520.59679767103,73882.07767898923,1761.0727969348645,76998.63563402889,2056.5912473950584,3765.1153793408175
2017-11-17,9861.143695014662,2003.6011080332405,900.4376302470955,74843.42791411043,76451.49253731343,-59945.70596797672,69729.52737482452,1795.651340996168,79106.0353130016,1848.7198571003273,3692.0825942734114
2017-11-20,9929.501466275658,1994.3213296398885,926.7639178326863,75794.3865030675,76149.25373134328,-60155.69141193596,68154.4220870379,1810.7662835249039,78982.07062600322,1847.4933015778506,3697.9189865346443
2017-11-21,9906.715542521993,2003.6011080332405,41.17892229829886,-707.9896907216462,-1284.6331521739048,-1768.6655405405472,68691.38979878333,1840.7662835249039,-1331.7874396135303,1580.0208395355758,2449.8564673767423
2017-11-22,10043.431085043987,2043.6842105263145,-403.450431676094,-1626.6323024054873,-3379.0217391304323,-3755.2364864864794,67868.03930744033,1800.5363984674323,-4309.533011272142,1485.6713307532004,2351.8050155893848
2017-11-23,9975.07331378299,2062.963988919667,-340.9288478713934,-903.6168384879638,-1780.9782608695605,-2354.4763513513535,67474.26298549367,1745.8045977011489,-3968.937198067637,1562.1047930931823,2391.4054581287
2017-11-24,9997.859237536655,2073.684210526315,-1074.2095861863672,-4008.2903780068737,-4670.9782608695605,-5561.0472972973,67868.03930744033,1730.7662835249039,-6959.533011272142,1364.2185174158972,2207.593214328311
2017-11-27,9815.57184750733,2123.684210526315,18018.204822863947,-6386.632302405487,-60215.36684782608,-7671.0472972973,67868.03930744033,1765.727969348658,-62180.128824476655,5629.740994343554,4225.264427005471
2017-11-28,9815.57184750733,2100.0831024930744,18676.942542423338,-4528.642611683841,-60045.61141304347,-6546.283783783787,69729.52737482452,1775.8045977011489,-61677.14975845411,5779.0116105983925,4340.182254014456
2017-11-29,9906.715542521993,2090.0831024930744,18504.703780887165,-4508.290378006874,-59536.34510869565,-7432.854729729734,69693.72952737482,1775.9578544061296,-61375.36231884058,5739.982137540935,4320.962193093896
2017-11-30,9770.0,2079.3628808864264,19381.006251860672,-1608.2903780068737,-59706.10054347825,-3899.712837837833,69264.15535797847,1780.9195402298838,-61475.95813204509,5938.5531408157185,4462.682725653139
2017-12-01,9724.428152492666,2089.3628808864264,20326.80857398035,1414.3728522336824,-60470.0,-1719.4256756756731,70159.10154422086,1870.9195402298838,-61576.5539452496,6152.872878832985,4638.72833325966
2017-12-04,9656.07038123167,2089.3628808864264,20175.721941053882,807.0360824742311,-60809.510869565216,-2852.5675675675666,71018.24988301357,1910.9195402298838,-61677.14975845411,6118.636498958023,4609.942445414985
2017-12-05,9678.856304985336,2104.4044321329634,20894.89431378386,1523.316151202751,-62337.30978260869,793.7162162162131,70051.70800187178,1940.5363984674323,-63085.49114331723,6281.601667162846,4725.931248889559
2017-12-06,9633.284457478005,2113.684210526315,21058.067877344445,1848.6426116838556,-61828.04347826086,1544.7635135135206,70266.49508656995,1895.5747126436772,-62683.107890499195,6318.576957427806,4750.336375176829
2017-12-07,9587.712609970673,2112.2437673130185,21934.37034831795,4641.305841924397,-61912.92119565217,5077.905405405407,70015.91015442208,1905.5747126436772,-62683.107890499195,6517.14796070259,4904.282523516244
2017-12-08,9610.498533724338,2089.3628808864264,22139.848169097946,4784.621993127148,-61743.16576086956,5230.287162162167,69371.54890032756,1945.727969348658,-61978.93719806764,6563.70943733254,4945.2928198944555
2017-12-11,9633.284457478005,2068.642659279778,22713.977374218513,6308.943298969076,-61743.16576086956,6286.097972972973,69586.33598502573,1945.727969348658,-61677.14975845411,6693.807680857398,5040.988000430153
2017-12-12,9587.712609970673,2086.4819944598335,21943.43554629354,4188.290378006874,-61573.41032608695,4791.334459459453,70731.86710341599,1985.8812260536388,-61375.36231884058,6519.2021434950875,4925.954766591709
2017-12-13,9587.712609970673,2077.2022160664815,22614.26019648705,5871.606529209625,-61658.28804347826,6061.62162162162,72199.57884885352,1995.8812260536388,-61475.95813204509,6671.211670139923,5038.535639854475
2017-12-14,9450.99706744868,2087.2022160664815,24149.300387019943,11005.27491408935,-60894.38858695652,11036.097972972973,71913.19606925597,1966.0344827586196,-61174.170692431566,7019.053289669544,5298.621505294752
2017-12-15,9314.281524926686,2074.3213296398885,25778.01428996725,17253.969072164953,-3686.7611336032423,17059.23986486486,-4290.768049155144,1936.0344827586196,-60168.21256038648,1654.541609822647,3289.384560644108
2017-12-18,9223.137829912022,2074.3213296398885,25500.014885382552,16226.632302405502,-2667.840755735495,16350.287162162167,-5097.240143369185,1930.9961685823746,-60067.616747181964,1718.3860845839017,3284.72852205241
2017-12-19,9245.923753665687,2087.2022160664815,25215.972015480795,16091.658075601386,-2222.442645074232,15410.287162162167,-2468.300051203274,1911.0727969348645,-60771.78743961353,1793.4010914051842,3295.4349124830824
2017-12-20,1809.7484276729547,2077.2022160664815,25101.14617445668,15496.984536082477,-1644.6018893387372,14924.76351351352,3316.308243727588,1900.9961685823746,-60872.383252818036,1775.6412005457023,2638.325636868847
2017-12-21,1918.4276729559733,2066.4819944598335,25385.189044358438,-139646.51077508548,-3277.044534412955,16497.905405405407,2901.756272401428,1891.1494252873554,-60570.59581320451,1740.6261937244199,1881.1161585153193
2017-12-22,1882.641509433961,2034.3213296398885,24944.01607621316,-139294.48178957822,-2113.805668016197,13982.66891891892,4399.288274449573,1906.2643678160912,-60470.0,1806.0750341064113,1872.340360852827
2017-12-25,1755.2830188679236,2025.041551246537,25055.82018457874,-139534.13225846144,-1791.3630229419796,14458.192567567567,4179.416282642094,2021.379310344826,-60369.404186795495,1804.4201909959074,1888.4433797720285
2017-12-26,1738.176100628929,2080.8033240997224,24907.755284310806,-139174.48178957822,-1598.124156545222,13335.050675675673,4181.500256016385,2051.532567049807,-60671.191626409025,2053.0982264665754,1991.8494498442724
2017-12-27,1801.069182389936,2100.0831024930744,24300.38701994641,-136056.51077508548,16.19433198380284,11747.145270270266,3977.1121351766487,2041.6091954022986,-60570.59581320451,2090.7366984993178,1995.4783407779912
2017-12-28,1819.7484276729547,2122.2437673130185,24149.300387019943,-135686.86030620226,120.51282051281305,11247.145270270266,6428.776241679472,2016.6475095785436,-59967.02093397746,-2290.0,249.41233580374478
2017-12-29,1792.641509433961,6105.84487534626,24968.18993748139,-138527.20983731904,-2589.487179487187,13429.527027027027,4281.756272401428,1941.4559386973178,-60470.0,-2448.6070941336975,1178.3076010393552
2018-01-02,1798.4276729559733,6127.285318559556,25007.47246204227,-133703.92765488086,-1433.5222672064847,12715.337837837833,4939.92831541218,2041.379310344826,-61174.170692431566,-2456.215552523875,1220.0308391944907
2018-01-03,1811.3207547169795,6159.445983379501,25116.25483774933,-133477.3547648553,-1298.9203778677474,12758.766891891893,4842.652329749108,2091.379310344826,-61375.36231884058,-2477.2851296043655,1235.4419549628378
2018-01-04,1814.2138364779867,6148.725761772852,24928.907412920507,-132922.52953041368,-184.3184885290102,11611.14864864864,5387.588325652847,2171.455938697318,-61274.76650563607,-2440.99863574352,1254.9532662357433
2018-01-05,1814.2138364779867,6148.725761772852,24723.429592140517,-131721.1314059465,792.4426450742176,10192.483108108107,85396.10855094726,2141.302681992336,-61174.170692431566,-2401.2005457025925,1421.8566631636422
2018-01-08,1915.7861635220115,6138.005540166205,24560.25602857993,-128639.31554916901,1925.9649122807023,9969.054054054053,83819.76446492576,-5098.084291187739,-61475.95813204509,-2369.596180081855,82.37147055762262
2018-01-09,1857.106918238992,6105.84487534626,24780.842512652573,-129369.31554916901,899.2037786774599,11226.672297297308,87798.15668202765,-4917.624521072797,-61174.170692431566,-2412.320600272851,108.75422528933495
2018-01-10,1811.3207547169795,6191.606648199446,23756.47514141113,-129368.40335820567,75695.68151147099,8047.7195945946005,88323.60471070149,-4947.701149425287,-61576.5539452496,-2213.915416098226,330.2284774004704
2018-01-11,1775.534591194967,6277.368421052632,25164.602560285795,-134419.45195155605,76882.72604588394,12918.766891891893,87160.11264720943,-4872.509578544062,-61878.341384863124,-2486.649386084584,325.1586551275741
2018-01-12,1884.2138364779867,6298.808864265928,464.93869032089424,-140329.10242043925,-4647.608982826947,-146564.28286733764,85733.89656938043,-4782.279693486589,-62079.53301127214,-2840.1500682128244,-2128.2506421218877
2018-01-15,1892.641509433961,6416.7313019390585,2026.5092616749243,-134811.19960714004,234.63672391016735,-141863.9297373216,84120.0204813108,-4601.819923371647,-63186.08695652174,-2471.43246930423,-1784.3255673047372
2018-01-16,1808.4276729559733,6448.8919667590035,1643.0341768849466,-136206.02484158165,-820.2906208718632,-142831.73070040345,89937.48079877112,-4737.164750957855,-63588.47020933977,-2556.8813096862214,-1870.2532139339758
2018-01-17,1872.8930817610044,6523.933518005539,1942.0936603182854,-133837.70429597207,2436.340819022458,-140963.43214502625,87122.58064516129,1823.0803571428578,-63890.2576489533,-2490.7462482946794,-549.8736791759952
2018-01-18,1722.8930817610044,6684.736842105263,2315.800939212102,-133967.073434932,80887.89960369881,-63495.13358964905,86897.3886328725,1785.4017857142862,-64695.02415458937,-2402.9563437926336,99.19504151527053
2018-01-19,1798.6792452830177,1940.2288329519452,-16893.746412731543,-132662.24820049043,79976.4861294584,-63618.18334887858,85546.2365591398,1792.700892857144,-65902.17391304349,-2322.7748976807643,-2077.157182358301
2018-01-22,1828.6792452830177,2049.9771167048057,-16333.53378554657,-129690.15101378964,79773.9498018494,-62879.88479350138,87873.22068612391,1796.1607142857147,-65097.40740740741,-2194.6016371077767,-1935.0321461418832
2018-01-23,1768.6792452830177,2210.2517162471395,-16719.799112966346,-129831.4809370633,79976.4861294584,-62756.83503427185,86484.53661034307,1842.3214285714284,-68215.8776167472,-2282.976807639837,-1981.083491015425
2018-01-24,1784.4654088050302,2170.366132723112,-17185.363944690846,-132238.05382708888,80077.75429326289,-62018.53647889463,85771.42857142857,1948.1026785714294,-68819.45249597423,-2389.4952251023196,-2052.802242904054
2018-01-25,1770.2515723270426,2100.3890160183064,-16947.465431776676,-56390.781874829714,79267.60898282695,-62633.785275042304,85959.08858166923,1995.0223214285725,-68316.4734299517,-2335.0654843110506,-1652.0500982986584
2018-01-26,1784.4654088050302,-2469.748283752861,-15809.133837725021,-55804.208984804136,79470.14531043594,-62141.58623812416,88736.45673323092,1975.0223214285725,-2767.8969957081426,-2074.62210095498,-1963.7600684665522
2018-01-29,1830.2515723270426,-2499.679633867277,-16417.94938690321,-55869.38375036254,78660.0,-63495.13358964905,86146.74859190988,1955.78125,671.7596566523571,-2213.915416098226,-2039.6886531820307
2018-01-30,1732.8930817610044,-2409.885583524028,-16146.79624315158,-58085.325779348044,77546.0501981506,-63125.984311960434,86634.6646185356,2016.1607142857147,1519.1416309012857,-2151.8772169167805,-1978.1535785789738
2018-01-31,9142.64150943396,-2449.7940503432496,-15392.171927993739,-57824.62671711444,76229.56406869221,-63987.33262656718,-2617.325942350333,2080.000000000001,-1854.7210300429142,-1979.2237380627557,-1445.5445525471173
2018-02-01,9005.283018867924,-2499.679633867277,-15420.310461779285,-56977.35476485529,77343.51387054162,-66202.2282926988,-808.54101995565,2069.2410714285725,-2804.3776824034285,-1985.6616643929055,-1484.8811973995598
2018-02-02,9096.855345911948,-2499.679633867277,-15077.53195930081,-56781.83046818011,76432.10039630119,-65833.0790150102,1217.569844789352,2076.5401785714294,-3720.5150214592286,-1907.2360163710782,-1430.3679771995282
2018-02-05,9073.962264150941,-2739.1304347826094,-15717.044090790507,-57107.704295972086,76330.8322324967,-65833.0790150102,2176.0798226164043,2103.080357142858,-4823.347639484971,-2053.552523874489,-1590.17934453005
2018-02-06,9028.176100628929,-2699.2219679633868,-15317.988520740935,-57107.704295972086,76330.8322324967,-68047.97468114182,3636.141906873614,2086.5401785714294,-6383.347639484971,-1962.2510231923602,-1552.3667114446882
2018-02-07,9051.069182389936,-2449.7940503432496,-16361.672319332116,-57042.52953041368,76229.56406869221,-67924.92492191229,10044.106430155203,2113.080357142858,-2197.3819742489286,-2201.0395634379265,-1580.2199732513445
2018-02-08,9028.176100628929,-2300.1372997711674,-16609.803026350117,-57107.704295972086,75520.68692206076,-67801.87516268274,10259.090909090904,2116.919642857143,1845.6223175965715,-2257.81036834925,-1541.978671368389
2018-02-09,8799.245283018867,-2150.480549199085,-16563.75815288286,-57107.704295972086,75318.15059445178,-72477.76601340507,13948.545454545456,1558.013392857144,3573.0042918455,-2247.275579809004,-1621.5191185491901
2018-02-12,8845.03144654088,-2080.6407322654463,-16842.585442212367,-58671.89866937362,74305.46895640687,-71739.46745802785,12773.498891352552,1674.5535714285725,6464.4206008583715,-2311.0695770804914,-1599.8204242204115
2018-02-13,8822.138364779872,-2140.5034324942803,-16850.259587790242,-59779.869683866375,74102.93262879789,-71739.46745802785,11545.139689578711,1694.5535714285725,6176.523605150214,-2312.8253751705324,-1625.3729490560277
2018-02-14,8845.03144654088,-2150.480549199085,-16673.75423949909,-59910.21921498317,73799.12813738441,-72723.86553186412,10068.665188470062,1708.013392857144,5592.4892703862715,-2272.4420190995907,-1612.6513968361492
2018-02-22,8867.924528301886,-2300.1372997711674,-16847.701539264286,-59388.82109051598,74508.00528401586,-71616.41769879832,9867.81374722837,1737.2544642857147,5318.7982832618145,-2312.240109140519,-1660.7340305458163
2018-02-23,8890.817610062892,-2330.0686498855835,-16369.346464909995,-57889.80148267286,75419.41875825627,-71370.31818033925,7777.600886917964,1696.875000000001,3024.9356223176,-2202.7953615279675,-1620.067620279493
2018-02-26,8936.603773584904,-2310.114416475973,-15878.201147925909,-54370.36414251939,76837.17305151914,-70385.92010650296,3309.423503325932,1606.4955357142871,893.0042918455001,-2090.424283765348,-1561.0106839765954
2018-02-27,8890.817610062892,-2190.389016018307,-16246.56013566397,-54044.490314727416,76837.17305151914,-70878.1191434211,4780.882483370282,1523.7946428571431,3604.5922746781143,-2174.702592087312,-1575.4469370014453
2018-02-28,8867.924528301886,-2120.549199084668,-16134.006000521786,-53718.616486935425,76330.8322324967,-70878.1191434211,4372.341463414632,1540.7142857142862,4012.3175965665287,-2148.950886766712,-1537.2451674462623
2018-03-01,8913.710691823897,-2120.549199084668,-16215.863553352465,-54044.490314727416,74913.07793923382,-70755.06938419158,4755.2594235033175,1664.1741071428587,4438.283261802571,-2167.679399727149,-1521.853413513571
2018-03-02,9073.962264150941,-2100.5949656750577,-16223.53769893034,-55217.63609477857,74913.07793923382,-71001.16890265065,4974.013303769403,1647.6339285714284,4998.1115879828285,-2169.43519781719,-1508.236827286446
2018-03-05,9073.962264150941,-2060.686498855836,-16545.85181320115,-54761.41273586979,75014.3461030383,-71247.26842110972,-65731.18403547672,1621.093750000001,6152.145922746786,-2243.1787175989084,-1683.1354773834219
2018-03-06,1973.0744336569578,-2030.7551487414194,-17239.08296373598,-55282.81086033696,75419.41875825627,-70262.87034727343,-66737.87139689579,1630.7142857142862,-66559.78540772531,-2401.785811732606,-3105.6877581827625
2018-03-07,2009.2233009708734,-2040.7322654462246,-17666.277067571093,-56325.607109271325,75216.8824306473,-142335.1278449502,-65322.21729490021,1601.093750000001,-66559.78540772531,-2499.5252387448836,-3519.32155121052
2018-03-08,2077.669902912621,-2010.8009153318076,-18024.403861205323,-56716.65570262169,75014.3461030383,-142943.4436344239,-65259.29933481153,1621.093750000001,-66665.75107296137,-2581.462482946794,-3560.4976953520436
2018-03-09,2031.5210355987056,-2010.8009153318076,-17185.363944690846,-56847.0052337385,74913.07793923382,-139267.60152916075,-66297.44567627495,1598.013392857144,-66665.75107296137,-2389.4952251023196,-3432.571151203276
2018-03-12,2021.5210355987056,-2020.7780320366137,-17758.36681450561,-55804.208984804136,74811.80977542933,-141375.65416073968,-69443.34368070954,1624.5535714285725,-66453.81974248929,-2520.594815825375,-3523.6676501242227
2018-03-13,1976.1488673139156,-2120.549199084668,-17474.423428124184,-55999.73328147933,74609.27344782035,-140925.39100284496,-67461.42793791574,1594.9330357142862,-66453.81974248929,-2455.6302864938607,-3511.9249862443503
2018-03-14,2029.2233009708734,-2080.6407322654463,-18464.388207670232,-56781.83046818011,-2507.0711297071102,-144927.338371266,-66517.65853658537,1638.3928571428578,-66135.92274678111,-2682.1282401091403,-3860.8431910646605
2018-03-15,2026.1488673139156,-2120.549199084668,-19024.600834855206,-56912.17999929689,-4803.249651324964,-147645.1278449502,-66328.90465631928,1648.3928571428578,-66241.88841201717,1862.5612499999997,-2103.094161795192
2018-03-16,1976.9255663430422,-2060.686498855836,1189.300401508699,-141278.86971492966,77280.57182705718,-65587.07521337127,-3945.32688766114,1641.8526785714294,-65606.09442060086,1679.7000000000007,-749.3181520638672
2018-03-19,1983.8511326860835,-2070.663615560641,,,,,,1645.3125,,,
2018-03-20,1986.9255663430422,-2090.6178489702515,,,,,,1605.6919642857156,,,
2018-03-21,1950.7766990291257,-2090.6178489702515,,,,,,1589.1517857142862,,,
2018-03-22,1974.62783171521,-2050.70938215103,,,,,,1526.8303571428578,,,
2018-03-23,2143.1067961165054,-1940.9610983981697,,,,,,1426.406250000001,,,
2018-03-26,2203.1067961165054,-1811.2585812356983,,,,,,1542.187500000001,,,
2018-03-27,2179.255663430421,-1831.2128146453092,,,,,,1555.2678571428578,,,
2018-03-28,2200.0323624595467,-1851.16704805492,,,,,,1512.9464285714294,,,
2018-03-29,2176.1812297734623,-1950.938215102975,,,,,,1525.6473214285725,,,
2018-03-30,2133.1067961165054,-1901.052631578948,,,,,,1575.2678571428578,,,
2018-04-02,2106.957928802589,-1831.2128146453092,,,,,,1681.4285714285725,,,
2018-04-03,2130.8090614886733,-1821.235697940504,,,,,,1764.888392857144,,,
2018-04-04,2054.6601941747576,-1801.2814645308927,,,,,,1765.2678571428578,,,
2018-04-09,2028.511326860841,-1821.235697940504,,,,,,1768.3482142857147,,,
2018-04-10,2037.7346278317145,-1930.983981693364,,,,,,1754.5089285714294,,,
2018-04-11,2073.883495145631,-1980.869565217392,,,,,,1774.5089285714294,,,
2018-04-12,2113.883495145631,-1891.0755148741423,,,,,,1798.3482142857147,,,
2018-04-13,2097.7346278317145,-1861.1441647597258,,,,,,1672.5669642857156,,,
2018-04-16,2085.4368932038833,-1741.41876430206,,,,,,1716.0267857142871,,,
2018-04-17,2112.3624595469255,-1721.4645308924487,,,,,,1547.544642857144,,,
2018-04-18,2102.3624595469255,-1761.372997711671,,,,,,1511.0044642857147,,,
2018-04-19,2138.511326860841,-1771.3501144164761,,,,,,1818.7276785714294,,,
2018-04-20,2226.21359223301,-1731.4416475972544,,,,,,1827.1651785714294,,,
2018-04-23,2166.21359223301,-1751.3958810068652,,,,,,1820.2455357142862,,,
2018-04-24,2039.2880258899668,-1831.2128146453092,,,,,,1739.4866071428578,,,
2018-04-25,2036.2135922330099,-1801.2814645308927,,,,,,1742.9464285714294,,,
2018-04-26,1956.9902912621355,-1781.3272311212818,,,,,,1700.2455357142862,,,
2018-04-27,1883.1391585760512,-1801.2814645308927,,,,,,1743.325892857144,,,
2018-05-02,1999.2880258899668,-1851.16704805492,,,,,,1949.4866071428578,,,
2018-05-03,2131.585760517799,-1831.2128146453092,,,,,,1856.406250000001,,,
2018-05-04,2181.585760517799,-1821.235697940504,,,,,,1833.325892857144,,,
2018-05-07,2164.6601941747576,-1851.16704805492,,,,,,1786.406250000001,,,
2018-05-08,2124.6601941747576,-1891.0755148741423,,,,,,1812.5669642857156,,,
2018-05-09,2101.585760517799,-1891.0755148741423,,,,,,1822.9464285714294,,,
2018-05-10,2128.511326860841,-1881.098398169337,,,,,,1789.4866071428578,,,
2018-05-11,2095.4368932038833,-1901.052631578948,,,,,,1872.9464285714294,,,
2018-05-14,2102.3624595469255,-1930.983981693364,,,,,,1952.5669642857156,,,
2018-05-15,2088.511326860841,-1911.0297482837532,,,,,,2025.2678571428578,,,
2018-05-16,2144.6601941747576,-1841.1899313501149,,,,,,2042.187500000001,,,
2018-05-17,2181.585760517799,-1841.1899313501149,,,,,,2121.8080357142862,,,
2018-05-18,2124.6601941747576,-1891.0755148741423,,,,,,2147.968750000001,,,
2018-05-21,2090.8090614886733,-1911.0297482837532,,,,,,2124.5089285714294,,,
2018-05-22,2087.7346278317145,-1881.098398169337,,,,,,2161.049107142858,,,
2018-05-23,2226.1812297734623,-1821.235697940504,,,,,,2095.267857142858,,,
2018-05-24,2170.8090614886733,-1781.3272311212818,,,,,,2042.5669642857156,,,
2018-05-25,2174.6601941747576,-1621.6933638443938,,,,,,2099.486607142858,,,
2018-05-28,2225.4368932038833,-1601.739130434783,,,,,,1970.2455357142862,,,
2018-05-29,2362.3624595469255,-1611.7162471395886,,,,,,2083.325892857144,,,
2018-05-30,2436.9902912621355,-1551.8535469107555,,,,,,2144.464285714287,,,
2018-05-31,2433.139158576051,-1581.7848970251716,,,,,,8086.785714285716,,,
2018-06-01,2493.139158576051,-1591.7620137299778,,,,,,8103.325892857144,,,
2018-06-04,2480.0647249190934,-1651.6247139588104,,,,,,8070.245535714286,,,
2018-06-05,14487.308541173512,-1661.601830663616,,,,,,8070.245535714286,,,
2018-06-06,14377.308541173512,-1631.6704805491995,,,,,,8020.625000000001,,,
2018-06-07,14471.442816791887,-1651.6247139588104,,,,,,7987.544642857144,,,
2018-06-08,14405.577092410262,-1581.7848970251716,,,,,,7888.3035714285725,,,
2018-06-11,14445.577092410262,-1591.7620137299778,,,,,,7871.763392857143,,,
2018-06-12,14676.955184283053,-1591.7620137299778,,,,,,7888.3035714285725,,,
2018-06-13,14615.577092410262,-1581.7848970251716,,,,,,7822.142857142858,,,
2018-06-14,14655.577092410262,-1601.739130434783,,,,,,7822.142857142858,,,
2018-06-15,14679.711368028637,-1621.6933638443938,,,,,,7871.763392857143,,,
2018-06-19,14701.7608379933,-1621.6933638443938,,,,,,7507.879464285716,,,
2018-06-20,9000.382746120507,-1571.8077803203664,,,,,,7491.339285714286,,,
2018-06-21,9000.382746120507,-1581.7848970251716,,,,,,7458.258928571429,,,
2018-06-22,8979.004654247714,-1571.8077803203664,,,,,,7491.339285714286,,,
2018-06-25,9043.13892986609,-1521.922196796339,,,,,,7441.718750000001,,,
2018-06-26,9064.51702173888,-1452.0823798627007,,,,,,7441.718750000001,,,
2018-06-27,9064.51702173888,-1422.1510297482841,,,,,,7392.098214285715,,,
2018-06-28,9021.760837993297,-1382.2425629290624,,,,,,7441.718750000001,,,
2018-06-29,8979.004654247714,-1432.1281464530894,,,,,,7507.879464285716,,,
2018-07-02,8957.626562374924,-1312.4027459954236,,,,,,7375.558035714286,,,
2018-07-03,8936.24847050213,-1302.4256292906184,,,,,,7325.937500000001,,,
2018-07-04,8914.87037862934,-1312.4027459954236,,,,,,7292.857142857144,,,
2018-07-05,9021.760837993297,-1352.3112128146454,,,,,,7226.696428571429,,,
2018-07-06,8957.626562374924,-1382.2425629290624,,,,,,7177.075892857144,,,
2018-07-09,8872.114194883758,-1511.9450800915338,,,,,,1868.2428115015991,,,
2018-07-10,9043.13892986609,-1491.9908466819224,,,,,,1935.3035143769985,,,
2018-07-11,9128.651297357257,1967.3714285714282,,,,,,1957.0607028754011,,,
2018-07-12,9043.13892986609,1971.971428571428,,,,,,2102.971246006392,,,
2018-07-13,9085.895113611674,2169.9999999999995,,,,,,2158.8498402555924,,,
2018-07-16,9085.895113611674,2144.742857142857,,,,,,2317.0926517571907,,,
2018-07-17,9085.895113611674,2154.0857142857144,,,,,,2193.5463258785967,,,
2018-07-18,8872.114194883758,2174.0857142857144,,,,,,2210.607028753995,,,
2018-07-19,8957.626562374924,2141.4571428571426,,,,,,2227.6677316293953,,,
2018-07-20,14490.939249633924,2222.6285714285714,,,,,,2285.9105431309918,,,
2018-07-23,14548.65788081263,2246.5714285714284,,,,,,2290.6389776357846,,,
2018-07-24,14556.376511991337,2257.885714285714,,,,,,2246.5495207667745,,,
2018-07-25,14569.798565223276,2289.2,,,,,,2274.1853035143795,,,
2018-07-26,14526.376511991337,2255.914285714285,,,,,,2294.1853035143795,,,
2018-07-27,14549.798565223276,2265.914285714285,,,,,,2257.1246006389792,,,
2018-07-30,14494.095143170045,2247.2285714285713,,,,,,2215.3674121405766,,,
2018-07-31,14442.9544587594,2259.2,,,,,,2284.1853035143795,,,
2018-08-01,14489.798565223276,2276.5714285714284,,,,,,2317.1246006389792,,,
2018-08-02,14444.361302865862,2239.9999999999995,,,,,,2248.881789137382,,,
2018-08-03,14414.361302865862,2271.971428571428,,,,,,7851.821086261983,,,
2018-08-06,14458.924040508447,2283.942857142857,,,,,,7749.456869009587,,,
2018-08-07,14463.220618455216,9284.926003210274,,,,,,8090.670926517573,,,
2018-08-08,14553.220618455216,9304.223756019263,,,,,,8073.610223642175,,,
2018-08-09,14572.07993404457,9284.926003210274,,,,,,8090.670926517573,,,
2018-08-10,14750.064724919095,9284.64510433387,,,,,,8056.549520766775,,,
2018-08-13,14760.064724919095,9293.942857142858,,,,,,8090.670926517573,,,
2018-08-14,14891.205409329741,9313.802407704656,,,,,,8107.731629392973,,,
2018-08-15,14903.486778151033,9312.959711075442,,,,,,8090.670926517573,,,
2018-08-16,14915.768146972327,9313.240609951847,,,,,,7937.124600638979,,,
2018-08-17,14959.190200204266,9303.100160513644,,,,,,7903.003194888181,,,
2018-08-20,14996.908831382974,9284.08330658106,,,,,,7903.003194888181,,,
2018-08-21,14955.768146972327,9284.364205457465,,,,,,8022.428115015976,,,
2018-08-22,14976.908831382974,9284.08330658106,,,,,,7971.246006389778,,,
2018-08-23,14946.908831382974,9284.08330658106,,,,,,7971.246006389778,,,
2018-08-24,14906.908831382974,9274.64510433387,,,,,,7937.124600638979,,,
2018-08-27,15043.486778151033,9265.066452648476,,,,,,8039.488817891375,,,
2018-08-28,15055.768146972327,9294.785553772072,,,,,,8073.610223642175,,,
2018-08-29,14984.62746256168,9275.066452648476,,,,,,8039.488817891375,,,
2018-08-30,14965.768146972327,9284.504654895667,,,,,,8039.488817891375,,,
2018-08-31,14954.62746256168,9274.926003210274,,,,,,8107.731629392973,,,
2018-09-03,15019.190200204266,9265.066452648476,,,,,,7868.881789137382,,,
2018-09-04,15098.04951579362,9285.206902086678,,,,,,7885.942492012781,,,
2018-09-05,15050.330884614912,9284.504654895667,,,,,,7834.760383386583,,,
2018-09-06,14950.330884614912,9284.08330658106,,,,,,7732.396166134187,,,
2018-09-07,15011.471569025558,9274.364205457465,,,,,,7800.638977635785,,,
2018-09-10,14983.752937846852,9274.504654895667,,,,,,7732.396166134187,,,
2018-09-11,15024.893622257498,9274.364205457465,,,,,,7800.638977635785,,,
2018-09-12,15034.893622257498,9274.08330658106,,,,,,7800.638977635785,,,
2018-09-13,15063.752937846852,9264.926003210274,,,,,,7817.699680511184,,,
2018-09-14,15076.034306668143,9264.926003210274,,,,,,7834.760383386583,,,
2018-09-17,15057.174991078791,9254.785553772072,,,,,,7732.396166134187,,,
2018-09-18,15083.752937846852,9265.066452648476,,,,,,7937.124600638979,,,
2018-09-19,15070.330884614912,9265.206902086678,,,,,,7937.124600638979,,,
2018-09-20,15070.330884614912,9255.487800963083,,,,,,7971.246006389778,,,
2018-09-21,15146.908831382974,5429.139486356341,,,,,,8039.488817891375,,,
2018-09-25,3070.2162243790835,5498.156340288926,,,,,,8005.367412140577,,,
2018-09-26,3066.8699208771377,5508.015890850723,,,,,,8056.549520766775,,,
2018-09-27,3066.8699208771377,5517.8754414125215,,,,,,8073.610223642175,,,
2018-09-28,3090.2162243790835,5468.577688603532,,,,,,8090.670926517573,,,
2018-10-08,3070.1384033674112,5567.17319422151,,,,,,7988.306709265177,,,
2018-10-09,3050.1384033674112,5606.611396468701,,,,,,7954.1853035143795,,,
2018-10-10,3053.484706869356,5596.751845906903,,,,,,8022.428115015976,,,
2018-10-11,3079.982761344065,5705.206902086678,,,,,,7630.03194888179,,,
2018-10-12,3159.982761344065,5616.470947030499,,,,,,7681.214057507989,,,
2018-10-15,3166.5975473362823,5655.90914927769,,,,,,7698.274760383388,,,
2018-10-16,3106.558636830445,5616.470947030499,,,,,,7681.214057507989,,,
2018-10-17,3113.2512438343365,5586.892295345106,,,,,,7698.274760383388,,,
2018-10-18,3189.866029826554,5675.628250401285,,,,,,7476.485623003196,,,
2018-10-19,3176.5975473362823,5567.17319422151,,,,,,7527.667731629395,,,
2018-10-22,3226.7142788537913,5468.577688603532,,,,,,7715.335463258788,,,
2018-10-23,3236.6753683479556,5547.454093097915,,,,,,7544.728434504794,,,
2018-10-24,3273.3679753518463,5488.296789727127,,,,,,7561.789137380193,,,
2018-10-25,3250.0216718499005,5478.4372391653305,,,,,,7476.485623003196,,,
2018-10-26,3303.3679753518463,5448.858587479936,,,,,,7459.424920127798,,,
2018-10-29,3380.0216718499005,5537.594542536117,,,,,,7374.1214057508005,,,
2018-10-30,8796.714278853791,5517.8754414125215,,,,,,7322.9392971246025,,,
2018-10-31,8843.406885857683,5488.296789727127,,,,,,7408.242811501599,,,
2018-11-01,8843.406885857683,5537.594542536117,,,,,,7374.1214057508005,,,
2018-11-02,8913.44579636352,5488.296789727127,,,,,,7459.424920127798,,,
2018-11-05,8913.44579636352,5537.594542536117,,,,,,7442.364217252398,,,
2018-11-06,8913.44579636352,5567.17319422151,,,,,,7476.485623003196,,,
2018-11-07,8890.099492861573,5577.032744783308,,,,,,7425.3035143769985,,,
2018-11-08,8843.406885857683,5567.17319422151,,,,,,7391.1821086262,,,
2018-11-09,8820.060582355738,5705.206902086678,,,,,,7357.060702875401,,,
2018-11-12,8913.44579636352,5715.066452648476,,,,,,7408.242811501599,,,
2018-11-13,9006.831010371301,5705.206902086678,,,,,,7493.546325878597,,,
2018-11-14,8936.792099865464,5764.364205457465,,,,,,7459.424920127798,,,
2018-11-15,9006.831010371301,5744.645104333869,,,,,,7527.667731629395,,,
2018-11-16,9006.831010371301,5754.504654895667,,,,,,7510.607028753995,,,
2018-11-19,9030.177313873246,5705.206902086678,,,,,,7544.728434504794,,,
2018-11-20,8913.44579636352,5754.504654895667,,,,,,7442.364217252398,,,
2018-11-21,8936.792099865464,5734.785553772072,,,,,,7425.3035143769985,,,
2018-11-22,8936.792099865464,5754.504654895667,,,,,,7391.1821086262,,,
2018-11-23,8866.753189359628,5784.08330658106,,,,,,7288.817891373804,,,
2018-11-26,8820.060582355738,5764.364205457465,,,,,,7237.635782747605,,,
2018-11-27,8866.753189359628,5784.08330658106,,,,,,7237.635782747605,,,
2018-11-28,8890.099492861573,5774.2237560192625,,,,,,7271.7571884984045,,,
2018-11-29,8843.406885857683,5803.802407704656,,,,,,7254.696485623005,,,
2018-11-30,8960.138403367411,5784.08330658106,,,,,,7288.817891373804,,,
2018-12-03,9030.177313873246,5734.785553772072,,,,,,7340.000000000002,,,
2018-12-04,9053.523617375191,5744.645104333869,,,,,,7391.1821086262,,,
2018-12-05,9053.523617375191,5754.504654895667,,,,,,7340.000000000002,,,
2018-12-06,9006.831010371301,5784.08330658106,,,,,,7271.7571884984045,,,
2018-12-07,3072.2873174387514,5774.2237560192625,,,,,,7357.060702875401,,,
2018-12-10,3084.598074410863,5793.942857142858,,,,,,7305.878594249203,,,
2018-12-11,3136.9088313829743,5793.942857142858,,,,,,7305.878594249203,,,
2018-12-12,3115.753452896918,5784.08330658106,,,,,,7357.060702875401,,,
2018-12-13,3143.4426959248067,5764.364205457465,,,,,,7442.364217252398,,,
2018-12-14,3188.0642098690296,5784.08330658106,,,,,,7408.242811501599,,,
2018-12-17,3238.0642098690296,5774.2237560192625,,,,,,7476.485623003196,,,
2018-12-18,3180.374966841141,5803.802407704656,,,,,,7425.3035143769985,,,
2018-12-19,3129.219588355085,5823.521508828251,,,,,,7408.242811501599,,,
2018-12-20,3191.5303453271963,5843.240609951847,,,,,,7340.000000000002,,,
2018-12-21,3150.374966841141,5843.240609951847,,,,,,7322.9392971246025,,,
2018-12-24,3136.9088313829743,5823.521508828251,,,,,,7305.878594249203,,,
2018-12-25,3170.374966841141,5793.942857142858,,,,,,7254.696485623005,,,
2018-12-26,3150.374966841141,5764.364205457465,,,,,,7254.696485623005,,,
2018-12-27,3096.9088313829743,5754.504654895667,,,,,,7288.817891373804,,,
2018-12-28,3001.1319389526952,5754.504654895667,,,,,,7305.878594249203,,,
2019-01-02,3022.2873174387514,5833.381059390049,,,,,,7237.635782747605,,,
2019-01-03,3032.2873174387514,5813.661958266453,,,,,,7237.635782747605,,,
2019-01-04,3039.976560466639,5764.364205457465,,,,,,7288.817891373804,,,
2019-01-07,3149.976560466639,5784.08330658106,,,,,,7305.878594249203,,,
2019-01-08,3066.5104250084714,5823.521508828251,,,,,,7169.392971246008,,,
2019-01-09,3036.5104250084714,5803.802407704656,,,,,,7220.5750798722065,,,
2019-01-10,3047.6658034945276,5843.240609951847,,,,,,7186.453674121408,,,
2019-01-11,3047.6658034945276,5823.521508828251,,,,,,7203.514376996806,,,
2019-01-14,3102.2873174387514,5853.100160513644,,,,,,7203.514376996806,,,
2019-01-15,3089.976560466639,5823.521508828251,,,,,,7220.5750798722065,,,
2019-01-16,3069.976560466639,5833.381059390049,,,,,,7186.453674121408,,,
2019-01-17,3072.2873174387514,5823.521508828251,,,,,,7152.332268370609,,,
2019-01-18,3027.6658034945276,5774.2237560192625,,,,,,7203.514376996806,,,
2019-01-21,3059.976560466639,5774.2237560192625,,,,,,7186.453674121408,,,
2019-01-22,3051.1319389526952,5784.08330658106,,,,,,7169.392971246008,,,
2019-01-23,3042.2873174387514,5764.364205457465,,,,,,7135.271565495209,,,
2019-01-24,3041.1319389526952,5744.645104333869,,,,,,7118.21086261981,,,
2019-01-25,2988.821181980583,5685.487800963083,,,,,,7101.150159744411,,,
2019-01-28,3026.5104250084714,5675.628250401285,,,,,,7084.089456869011,,,
2019-01-29,3111.1319389526952,5665.768699839487,,,,,,6981.725239616615,,,
2019-01-30,-1993.84814072858,5675.628250401285,,,,,,6981.725239616615,,,
2019-01-31,-1930.3820052704123,5636.190048154094,,,,,,6981.725239616615,,,
2019-02-01,-2057.3142761867475,5636.190048154094,,,,,,7032.907348242814,,,
2019-02-11,-2078.4696546728037,5655.90914927769,,,,,,7101.150159744411,,,
2019-02-12,-2120.780411644915,5636.190048154094,,,,,,7135.271565495209,,,
2019-02-13,-2184.246547103082,5596.751845906903,,,,,,7220.5750798722065,,,
2019-02-14,-2184.246547103082,5646.049598715892,,,,,,7186.453674121408,,,
2019-02-15,-2226.5573040751933,5705.206902086678,,,,,,7169.392971246008,,,
2019-02-18,-2332.3341965054724,5655.90914927769,,,,,,7271.7571884984045,,,
2019-02-19,-2332.3341965054724,5665.768699839487,,,,,,7237.635782747605,,,
2019-02-20,-2311.178818019417,5655.90914927769,,,,,,7254.696485623005,,,
2019-02-21,-2247.7126825612486,5675.628250401285,,,,,,7237.635782747605,,,
2019-02-22,-2290.023439533361,5675.628250401285,,,,,,7271.7571884984045,,,
2019-02-25,-2480.421845907863,5478.4372391653305,,,,,,7578.849840255592,,,
2019-02-26,-2543.8879813660305,5567.17319422151,,,,,,8141.853035143772,,,
2019-02-27,-2522.7326028799744,5537.594542536117,,,,,,8022.428115015976,,,
2019-02-28,-2459.2664674218067,5557.313643659712,,,,,,7937.124600638979,,,
2019-03-01,-2459.2664674218067,5508.015890850723,,,,,,8022.428115015976,,,
2019-03-04,-2543.8879813660305,5488.296789727127,,,,,,8073.610223642175,,,
2019-03-05,-2586.198738338142,5517.8754414125215,,,,,,8363.642172523963,,,
2019-03-06,2983.5139974346357,5508.015890850723,,,,,,8380.702875399362,,,
2019-03-07,3230.119163486296,5557.313643659712,,,,,,8397.763578274762,,,
2019-03-08,3218.606248357145,5665.768699839487,,,,,,7971.246006389778,,,
2019-03-11,9476.281525109913,5646.049598715892,,,,,,8193.03514376997,,,
2019-03-12,9658.421746512126,5616.470947030499,,,,,,8278.338658146968,,,
2019-03-13,9476.281525109913,5646.049598715892,,,,,,8278.338658146968,,,
2019-03-14,9316.908831382974,5655.90914927769,,,,,,8124.792332268372,,,
2019-03-15,9339.676359058252,5646.049598715892,,,,,,8158.9137380191705,,,
2019-03-18,9430.746469759357,5606.611396468701,,,,,,8363.642172523963,,,
2019-03-19,9430.746469759357,5616.470947030499,,,,,,8312.460063897764,,,
2019-03-20,9385.211414408805,5626.3304975922965,,,,,,8261.277955271567,,,
2019-03-21,9407.978942084083,5646.049598715892,,,,,,8227.156549520769,,,
2019-03-22,9385.211414408805,5636.190048154094,,,,,,8210.09584664537,,,
2019-03-25,9316.908831382974,5695.347351524881,,,,,,8022.428115015976,,,
2019-03-26,9180.303665331314,5685.487800963083,,,,,,7885.942492012781,,,
2019-03-27,9180.303665331314,5665.768699839487,,,,,,7868.881789137382,,,
2019-03-28,9112.001082305484,5685.487800963083,,,,,,7800.638977635785,,,
2019-03-29,9248.606248357144,5626.3304975922965,,,,,,8005.367412140577,,,
2019-04-01,2919.7819657113323,5586.892295345106,,,,,,8141.853035143772,,,
2019-04-02,2922.3565925770044,5606.611396468701,,,,,,8158.9137380191705,,,
2019-04-03,2964.9312194426757,5616.470947030499,,,,,,8261.277955271567,,,
2019-04-04,3042.6551000396903,5567.17319422151,,,,,,8312.460063897764,,,
2019-04-08,3014.9312194426757,5567.17319422151,,,,,,8312.460063897764,,,
2019-04-09,3017.505846308347,5577.032744783308,,,,,,8312.460063897764,,,
2019-04-10,3024.9312194426757,5586.892295345106,,,,,,8278.338658146968,,,
2019-04-11,3182.953607502377,5626.3304975922965,,,,,,8175.974440894571,,,
2019-04-12,9580.677488099393,5616.470947030499,,,,,,8175.974440894571,,,
2019-04-15,9512.953607502377,5577.032744783308,,,,,,8210.09584664537,,,
2019-04-16,9490.378980636706,5468.577688603532,,,,,,8363.642172523963,,,
2019-04-17,9467.804353771033,5478.4372391653305,,,,,,8312.460063897764,,,
2019-04-18,9490.378980636706,5517.8754414125215,,,,,,8448.94568690096,,,
2019-04-19,9467.804353771033,5508.015890850723,,,,,,8414.824281150162,,,
2019-04-22,9400.080473174019,5577.032744783308,,,,,,8193.03514376997,,,
2019-04-23,9377.505846308348,5586.892295345106,,,,,,8022.428115015976,,,
2019-04-24,9332.356592577005,5586.892295345106,,,,,,8073.610223642175,,,
2019-04-25,9219.483458248647,5616.470947030499,,,,,,7834.760383386583,,,
2019-04-26,9084.035697054616,5636.190048154094,,,,,,7681.214057507989,,,
2019-04-29,9106.61032392029,5616.470947030499,,,,,,7647.092651757191,,,
2019-04-30,9264.63271197999,5596.751845906903,,,,,,7664.153354632589,,,
2019-05-06,9016.3118164576,5705.206902086678,,,,,,7237.635782747605,,,
2019-05-07,8948.587935860585,5695.347351524881,,,,,,7271.7571884984045,,,
2019-05-08,8903.438682129243,5744.645104333869,,,,,,7203.514376996806,,,
2019-05-09,8858.2894283979,5764.364205457465,,,,,,7169.392971246008,,,
2019-05-10,8948.587935860585,5705.206902086678,,,,,,7288.817891373804,,,
2019-05-13,8903.438682129243,5754.504654895667,,,,,,7203.514376996806,,,
2019-05-14,8858.2894283979,5774.2237560192625,,,,,,7169.392971246008,,,
2019-05-15,8903.438682129243,5744.645104333869,,,,,,7220.5750798722065,,,
2019-05-16,8948.587935860585,5734.785553772072,,,,,,7271.7571884984045,,,
2019-05-17,8813.140174666556,5744.645104333869,,,,,,7152.332268370609,,,
2019-05-20,8767.990920935214,5705.206902086678,,,,,,7152.332268370609,,,
2019-05-21,8813.140174666556,5685.487800963083,,,,,,7203.514376996806,,,
2019-05-22,8767.990920935214,5685.487800963083,,,,,,7152.332268370609,,,
2019-05-23,8722.84166720387,5675.628250401285,,,,,,7135.271565495209,,,
2019-05-24,8722.84166720387,5665.768699839487,,,,,,7118.21086261981,,,
2019-05-27,8813.140174666556,5655.90914927769,,,,,,7169.392971246008,,,
2019-05-28,8858.2894283979,5636.190048154094,,,,,,7186.453674121408,,,
2019-05-29,8813.140174666556,5675.628250401285,,,,,,7152.332268370609,,,
2019-05-30,8790.565547800885,5646.049598715892,,,,,,7135.271565495209,,,
2019-05-31,8835.714801532227,5675.628250401285,,,,,,7118.21086261981,,,
2019-06-03,8835.714801532227,5626.3304975922965,,,,,,7118.21086261981,,,
2019-06-04,8790.565547800885,5606.611396468701,,,,,,7084.089456869011,,,
2019-06-05,8790.565547800885,5586.892295345106,,,,,,7084.089456869011,,,
2019-06-06,8767.990920935214,5586.892295345106,,,,,,7032.907348242814,,,
2019-06-10,8858.2894283979,5567.17319422151,,,,,,7067.028753993613,,,
2019-06-11,8948.587935860585,5547.454093097915,,,,,,7203.514376996806,,,
2019-06-12,8903.438682129243,9273.942857142858,,,,,,7152.332268370609,,,
2019-06-13,8880.864055263572,9303.549156355457,,,,,,7152.332268370609,,,
2019-06-14,8858.2894283979,9323.286689163855,,,,,,7135.271565495209,,,
2019-06-17,8880.864055263572,9293.811623547057,,,,,,7118.21086261981,,,
2019-06-18,8903.438682129243,9294.074090738659,,,,,,1910.0000000000018,,,
2019-06-19,8948.587935860585,9481.84311961005,,,,,,1904.2000000000016,,,
2019-06-20,8971.162562726258,9492.10558680165,,,,,,1899.7000000000016,,,
2019-06-21,8993.73718959193,9481.71188601425,,,,,,1946.800000000002,,,
2019-06-24,8948.587935860585,9471.97435320585,,,,,,1956.800000000002,,,
2019-06-25,8926.013308994916,9461.71188601425,,,,,,1918.4000000000015,,,
2019-06-26,8903.438682129243,9471.449418822647,,,,,,1915.5000000000018,,,
2019-06-27,8926.013308994916,9481.449418822647,,,,,,1892.6000000000022,,,
2019-06-28,8880.864055263572,9491.186951631047,,,,,,1908.4000000000015,,,
2019-07-01,8926.013308994916,9491.449418822647,,,,,,1888.1000000000013,,,
2019-07-02,8903.438682129243,9481.71188601425,,,,,,1876.800000000002,,,
2019-07-03,8880.864055263572,9461.97435320585,,,,,,1916.800000000002,,,
2019-07-04,8903.438682129243,9461.97435320585,,,,,,1941.0000000000018,,,
2019-07-05,8880.864055263572,9451.84311961005,,,,,,2008.1000000000013,,,
2019-07-08,8767.990920935214,9461.186951631047,,,,,,2044.2000000000016,,,
2019-07-09,8790.565547800885,9480.924484439445,,,,,,2074.2000000000016,,,
2019-07-10,8767.990920935214,9461.055718035246,,,,,,2097.1000000000013,,,
2019-07-11,8745.416294069542,9471.055718035246,,,,,,2137.1000000000013,,,
2019-07-12,8767.990920935214,9471.186951631047,,,,,,2172.600000000002,,,
2019-07-15,8790.565547800885,9461.055718035246,,,,,,2176.800000000002,,,
2019-07-16,8813.140174666556,9460.924484439445,,,,,,2183.9000000000015,,,
2019-07-17,8790.565547800885,9450.793250843646,,,,,,2129.7000000000016,,,
2019-07-18,8767.990920935214,9450.530783652044,,,,,,2111.300000000001,,,
2019-07-19,8813.140174666556,9450.793250843646,,,,,,2005.800000000002,,,
2019-07-22,8790.565547800885,9450.793250843646,,,,,,1963.2000000000016,,,
2019-07-23,8858.2894283979,9451.055718035246,,,,,,1947.4000000000015,,,
2019-07-24,8880.864055263572,9451.055718035246,,,,,,2054.500000000002,,,
2019-07-25,8880.864055263572,9461.055718035246,,,,,,2061.600000000002,,,
2019-07-26,8926.013308994916,9461.055718035246,,,,,,2041.6000000000022,,,
2019-07-29,8948.587935860585,9451.186951631047,,,,,,2034.5000000000018,,,
2019-07-30,8903.438682129243,9461.318185226848,,,,,,2031.6000000000022,,,
2019-07-31,8903.438682129243,9461.186951631047,,,,,,2084.500000000002,,,
2019-08-01,8948.587935860585,9450.924484439445,,,,,,2083.2000000000016,,,
2019-08-02,8880.864055263572,9440.530783652044,,,,,,2104.800000000002,,,
2019-08-05,8813.140174666556,9429.874615673041,,,,,,2086.4000000000015,,,
2019-08-06,8722.84166720387,9419.34968128984,,,,,,2032.5000000000018,,,
2019-08-07,8722.84166720387,9438.955980502438,,,,,,2008.300000000002,,,
2019-08-08,8722.84166720387,9429.34968128984,,,,,,2005.4000000000024,,,
2019-08-09,8677.692413472527,9449.34968128984,,,,,,1998.300000000002,,,
2019-08-12,8700.267040338198,9449.612148481441,,,,,,2019.6000000000013,,,
2019-08-13,8677.692413472527,9479.218447694038,,,,,,2018.300000000002,,,
2019-08-14,8700.267040338198,9479.08721409824,,,,,,2008.300000000002,,,
2019-08-15,8677.692413472527,9498.955980502438,,,,,,2001.2000000000025,,,
2019-08-16,8632.543159741184,9498.824746906637,,,,,,2004.1000000000022,,,
2019-08-19,8722.84166720387,9498.955980502438,,,,,,1986.7000000000016,,,
2019-08-20,8700.267040338198,9478.955980502438,,,,,,1989.6000000000013,,,
2019-08-21,8722.84166720387,9478.824746906637,,,,,,2019.6000000000013,,,
2019-08-22,8722.84166720387,9478.693513310836,,,,,,2029.6000000000013,,,
2019-08-23,8722.84166720387,9478.693513310836,,,,,,2049.6000000000013,,,
2019-08-26,8677.692413472527,9488.299812523435,,,,,,2004.1000000000022,,,
2019-08-27,8700.267040338198,9508.693513310836,,,,,,1919.6000000000013,,,
2019-08-28,8722.84166720387,9488.562279715035,,,,,,1979.6000000000013,,,
2019-08-29,8722.84166720387,9488.431046119236,,,,,,2050.9000000000015,,,
2019-08-30,8700.267040338198,9478.562279715035,,,,,,2022.5000000000018,,,
2019-09-02,8722.84166720387,9478.693513310836,,,,,,2055.100000000002,,,
2019-09-03,8700.267040338198,9488.693513310836,,,,,,2268.7000000000025,,,
2019-09-04,8722.84166720387,9499.218447694038,,,,,,2168.7000000000025,,,
2019-09-05,8767.990920935214,9489.612148481441,,,,,,2144.500000000002,,,
2019-09-06,8767.990920935214,9489.74338207724,,,,,,2127.4000000000015,,,
2019-09-09,8790.565547800885,9489.74338207724,,,,,,2148.7000000000025,,,
2019-09-10,8767.990920935214,9489.612148481441,,,,,,2161.600000000002,,,
2019-09-11,8790.565547800885,9490.137082864643,,,,,,2178.7000000000025,,,
2019-09-12,8790.565547800885,9480.268316460442,,,,,,2190.000000000002,,,
2019-09-16,8813.140174666556,9490.137082864643,,,,,,2200.000000000002,,,
2019-09-17,8722.84166720387,9479.74338207724,,,,,,2227.4000000000015,,,
2019-09-18,8722.84166720387,9469.612148481441,,,,,,2197.4000000000015,,,
2019-09-19,8722.84166720387,9479.612148481441,,,,,,2173.2000000000016,,,
2019-09-20,8722.84166720387,9469.74338207724,,,,,,2207.4000000000015,,,
2019-09-23,8677.692413472527,9479.48091488564,,,,,,2184.800000000002,,,
2019-09-24,8632.543159741184,9479.48091488564,,,,,,2187.7000000000016,,,
2019-09-25,8587.393906009842,9479.34968128984,,,,,,2135.100000000002,,,
2019-09-26,8587.393906009842,9459.874615673041,,,,,,2118.000000000002,,,
2019-09-27,8564.819279144169,9459.74338207724,,,,,,2135.100000000002,,,
2019-09-30,8542.244652278498,9469.34968128984,,,,,,2140.9000000000015,,,
2019-10-08,8519.670025412826,9469.612148481441,,,,,,2158.000000000002,,,
2019-10-09,8497.095398547153,9479.74338207724,,,,,,2206.4000000000015,,,
2019-10-10,8519.670025412826,9459.74338207724,,,,,,2179.300000000002,,,
2019-10-11,8542.244652278498,9460.268316460442,,,,,,2176.4000000000015,,,
2019-10-14,8587.393906009842,9460.662017247845,,,,,,2187.7000000000016,,,
2019-10-15,8542.244652278498,9450.924484439445,,,,,,2210.6000000000013,,,
2019-10-16,8542.244652278498,9451.055718035246,,,,,,2200.6000000000013,,,
2019-10-17,8497.095398547153,9441.055718035246,,,,,,2237.7000000000016,,,
2019-10-18,8451.94614481581,9440.793250843646,,,,,,2246.4000000000015,,,
2019-10-21,8474.520771681482,9441.186951631047,,,,,,2225.100000000002,,,
2019-10-22,8451.94614481581,9431.318185226848,,,,,,2252.2000000000016,,,
2019-10-23,8451.94614481581,9421.71188601425,,,,,,2248.000000000002,,,
2019-10-24,8429.371517950138,9451.84311961005,,,,,,2268.000000000002,,,
2019-10-25,8429.371517950138,9421.97435320585,,,,,,2288.000000000002,,,
2019-10-28,8474.520771681482,9411.84311961005,,,,,,2302.2000000000016,,,
2019-10-29,8451.94614481581,9431.318185226848,,,,,,2300.9000000000015,,,
2019-10-30,8429.371517950138,9421.449418822647,,,,,,6719.600000000001,,,
2019-10-31,8406.796891084468,9411.71188601425,,,,,,6685.400000000002,,,
2019-11-01,8429.371517950138,9391.97435320585,,,,,,6702.500000000002,,,
2019-11-04,8429.371517950138,9401.84311961005,,,,,,6702.500000000002,,,
2019-11-05,8451.94614481581,5691.974353205849,,,,,,6736.700000000002,,,
2019-11-06,8429.371517950138,5672.236820397451,,,,,,6685.400000000002,,,
2019-11-07,8429.371517950138,5691.974353205849,,,,,,6668.300000000002,,,
2019-11-08,8406.796891084468,5741.318185226848,,,,,,6651.200000000003,,,
2019-11-11,8339.073010487453,5800.530783652044,,,,,,6548.600000000002,,,
2019-11-12,8271.349129890437,5790.662017247845,,,,,,6531.500000000002,,,
2019-11-13,8203.625249293422,5780.793250843646,,,,,,6480.200000000002,,,
2019-11-14,8181.050622427751,5790.662017247845,,,,,,6497.300000000002,,,
2019-11-15,8113.326741830736,5780.793250843646,,,,,,6411.800000000002,,,
2019-11-18,8226.199876159095,5761.055718035246,,,,,,6428.9000000000015,,,
2019-11-19,8226.199876159095,5751.186951631047,,,,,,6463.100000000001,,,
2019-11-20,8135.901368696407,5770.924484439445,,,,,,6411.800000000002,,,
2019-11-21,8158.475995562079,5761.055718035246,,,,,,6446.000000000002,,,
2019-11-22,8181.050622427751,5751.186951631047,,,,,,6514.400000000002,,,
2019-11-25,8271.349129890437,5711.711886014249,,,,,,6668.300000000002,,,
2019-11-26,8293.923756756109,5711.711886014249,,,,,,6582.800000000002,,,
2019-11-27,8271.349129890437,5691.974353205849,,,,,,6548.600000000002,,,
2019-11-28,8248.774503024764,5711.711886014249,,,,,,6582.800000000002,,,
2019-11-29,8248.774503024764,5731.449418822647,,,,,,6582.800000000002,,,
2019-12-02,8293.923756756109,5731.449418822647,,,,,,6565.700000000002,,,
2019-12-03,3103.7509366461327,5721.580652418448,,,,,,6565.700000000002,,,
2019-12-04,3184.80356822508,5741.318185226848,,,,,,6565.700000000002,,,
2019-12-05,3195.856199804027,5731.449418822647,,,,,,6599.9000000000015,,,
2019-12-06,3246.908831382975,5741.318185226848,,,,,,6617.000000000002,,,
2019-12-09,3255.856199804027,5741.318185226848,,,,,,6668.300000000002,,,
2019-12-10,3235.856199804027,5741.318185226848,,,,,,6634.100000000002,,,
2019-12-11,3286.908831382975,5741.318185226848,,,,,,6634.100000000002,,,
2019-12-12,-1568.8806423012365,5741.318185226848,,,,,,6599.9000000000015,,,
2019-12-13,-1632.0385370380782,5691.974353205849,,,,,,6668.300000000002,,,
2019-12-16,-1674.1438001959732,5711.711886014249,,,,,,6685.400000000002,,,
2019-12-17,-1737.3016949328148,5691.974353205849,,,,,,6753.800000000001,,,
2019-12-18,-1737.3016949328148,5672.236820397451,,,,,,6719.600000000001,,,
2019-12-19,-1737.3016949328148,5662.368053993252,,,,,,6736.700000000002,,,
2019-12-20,-1779.406958090709,5642.630521184852,,,,,,6719.600000000001,,,
2019-12-23,-1695.1964317749198,5662.368053993252,,,,,,6634.100000000002,,,
2019-12-24,-1716.2490633538673,5672.236820397451,,,,,,6668.300000000002,,,
2019-12-25,-1737.3016949328148,5682.10558680165,,,,,,6634.100000000002,,,
2019-12-26,-1737.3016949328148,5642.630521184852,,,,,,6685.400000000002,,,
2019-12-27,-1716.2490633538673,5622.892988376454,,,,,,6719.600000000001,,,
2019-12-30,-1737.3016949328148,5632.761754780653,,,,,,6753.800000000001,,,
2019-12-31,-1779.406958090709,5662.368053993252,,,,,,6788.000000000002,,,
2020-01-02,-1821.512221248604,5622.892988376454,,,,,,6873.500000000002,,,
2020-01-03,-1800.4595896696574,5632.761754780653,,,,,,6856.4000000000015,,,
2020-01-06,-1779.406958090709,5662.368053993252,,,,,,6839.300000000002,,,
2020-01-07,-1821.512221248604,5632.761754780653,,,,,,6856.4000000000015,,,
2020-01-08,-1800.4595896696574,5662.368053993252,,,,,,6753.800000000001,,,
2020-01-09,-1800.4595896696574,5672.236820397451,,,,,,6805.100000000002,,,
2020-01-10,-1779.406958090709,5672.236820397451,,,,,,6770.9000000000015,,,
2020-01-13,-1737.3016949328148,5672.236820397451,,,,,,6805.100000000002,,,
2020-01-14,-1737.3016949328148,5672.236820397451,,,,,,6822.200000000002,,,
2020-01-15,-1716.2490633538673,5701.84311961005,,,,,,6770.9000000000015,,,
2020-01-16,-1674.1438001959732,5741.318185226848,,,,,,6770.9000000000015,,,
2020-01-17,-1674.1438001959732,5731.449418822647,,,,,,6770.9000000000015,,,
2020-01-20,-1674.1438001959732,5731.449418822647,,,,,,6770.9000000000015,,,
2020-01-21,-1632.0385370380782,5770.924484439445,,,,,,6753.800000000001,,,
2020-01-22,-1610.9859054591298,5780.793250843646,,,,,,6736.700000000002,,,
2020-01-23,-1526.7753791433415,5830.137082864643,,,,,,6599.9000000000015,,,
2020-02-03,-1084.6701159854456,5978.168578927634,,,,,,6138.200000000002,,,
2020-02-04,-1189.9332738801832,5928.824746906637,,,,,,6104.000000000002,,,
2020-02-05,-1253.0911686170248,5928.824746906637,,,,,,6138.200000000002,,,
2020-02-06,-1274.1438001959732,5918.955980502438,,,,,,6189.500000000002,,,
2020-02-07,-1295.1964317749198,5948.562279715036,,,,,,6206.600000000002,,,
2020-02-10,-1295.1964317749198,5958.431046119236,,,,,,6240.800000000002,,,
2020-02-11,-1295.1964317749198,5928.824746906637,,,,,,6257.900000000002,,,
2020-02-12,-1337.3016949328148,5918.955980502438,,,,,,6377.600000000002,,,
2020-02-13,-1316.2490633538673,5938.693513310836,,,,,,6292.100000000001,,,
2020-02-14,-1316.2490633538673,5918.955980502438,,,,,,6309.200000000002,,,
2020-02-17,-1379.406958090709,5879.48091488564,,,,,,6377.600000000002,,,
2020-02-18,-1379.406958090709,5899.218447694038,,,,,,6377.600000000002,,,
2020-02-19,-1358.3543265117623,5869.612148481441,,,,,,6343.4000000000015,,,
2020-02-20,-1400.4595896696574,5840.005849268842,,,,,,6411.800000000002,,,
2020-02-21,-1400.4595896696574,5859.74338207724,,,,,,6394.700000000002,,,
2020-02-24,-1358.3543265117623,5889.349681289839,,,,,,6343.4000000000015,,,
2020-02-25,-1295.1964317749198,5918.955980502438,,,,,,6240.800000000002,,,
2020-02-26,-1358.3543265117623,5899.218447694038,,,,,,6668.300000000002,,,
2020-02-27,-1358.3543265117623,5889.349681289839,,,,,,6685.400000000002,,,
2020-02-28,-1274.1438001959732,5938.693513310836,,,,,,6651.200000000003,,,
2020-03-02,-1400.4595896696574,5889.349681289839,,,,,,7112.900000000002,,,
2020-03-03,-1358.3543265117623,5869.612148481441,,,,,,7044.500000000002,,,
2020-03-04,-1358.3543265117623,5859.74338207724,,,,,,7044.500000000002,,,
2020-03-05,-1421.512221248604,5830.137082864643,,,,,,6976.100000000002,,,
2020-03-06,-1379.406958090709,5849.874615673041,,,,,,6805.100000000002,,,
2020-03-09,-1295.1964317749198,5918.955980502438,,,,,,6651.200000000003,,,
2020-03-10,-1337.3016949328148,5889.349681289839,,,,,,6753.800000000001,,,
2020-03-11,-1316.2490633538673,5918.955980502438,,,,,,6685.400000000002,,,
2020-03-12,-1274.1438001959732,5918.955980502438,,,,,,6599.9000000000015,,,
2020-03-13,-1232.0385370380782,5948.562279715036,,,,,,6548.600000000002,,,
2020-03-16,-1189.9332738801832,5978.168578927634,,,,,,6531.500000000002,,,
2020-03-17,-1189.9332738801832,5948.562279715036,,,,,,6582.800000000002,,,
2020-03-18,-1147.8280107222881,5988.037345331834,,,,,,6480.200000000002,,,
2020-03-19,-1147.8280107222881,6037.381177352831,,,,,,6463.100000000001,,,
2020-03-20,-1126.7753791433406,6007.774878140233,,,,,,6497.300000000002,,,
2020-03-23,-1084.6701159854456,6066.98747656543,,,,,,6411.800000000002,,,
2020-03-24,-1105.722747564394,5997.906111736034,,,,,,6463.100000000001,,,
2020-03-25,-1126.7753791433406,5978.168578927634,,,,,,6497.300000000002,,,
2020-03-26,-1105.722747564394,5978.168578927634,,,,,,6411.800000000002,,,
2020-03-27,-1126.7753791433406,5958.431046119236,,,,,,6531.500000000002,,,
2020-03-30,-1105.722747564394,5938.693513310836,,,,,,6514.400000000002,,,
2020-03-31,-1126.7753791433406,5978.168578927634,,,,,,6480.200000000002,,,
2020-04-01,-1105.722747564394,5968.299812523435,,,,,,6411.800000000002,,,
2020-04-02,-1126.7753791433406,5948.562279715036,,,,,,6463.100000000001,,,
2020-04-03,-1105.722747564394,5948.562279715036,,,,,,6411.800000000002,,,
2020-04-07,-1168.8806423012356,5928.824746906637,,,,,,6480.200000000002,,,
2020-04-08,-1147.8280107222881,5948.562279715036,,,,,,6497.300000000002,,,
2020-04-09,-1147.8280107222881,5948.562279715036,,,,,,6497.300000000002,,,
2020-04-10,-1126.7753791433406,5938.693513310836,,,,,,6446.000000000002,,,
2020-04-13,-1126.7753791433406,5948.562279715036,,,,,,6428.9000000000015,,,
2020-04-14,-1147.8280107222881,5928.824746906637,,,,,,6446.000000000002,,,
2020-04-15,-1126.7753791433406,5928.824746906637,,,,,,6428.9000000000015,,,
2020-04-16,-1210.9859054591307,5918.955980502438,,,,,,6394.700000000002,,,
2020-04-17,-1147.8280107222881,5909.087214098238,,,,,,6480.200000000002,,,
2020-04-20,-1126.7753791433406,5928.824746906637,,,,,,6463.100000000001,,,
2020-04-21,-1084.6701159854456,5938.693513310836,,,,,,6428.9000000000015,,,
2020-04-22,-1105.722747564394,5928.824746906637,,,,,,6411.800000000002,,,
2020-04-23,-1084.6701159854456,5948.562279715036,,,,,,6411.800000000002,,,
2020-04-24,-1063.617484406499,5948.562279715036,,,,,,6343.4000000000015,,,
2020-04-27,-1063.617484406499,5938.693513310836,,,,,,6360.500000000002,,,
2020-04-28,-1021.512221248604,5948.562279715036,,,,,,6292.100000000001,,,
2020-04-29,-1021.512221248604,5909.087214098238,,,,,,6309.200000000002,,,
2020-04-30,-1042.5648528275515,5889.349681289839,,,,,,6394.700000000002,,,
2020-05-06,-1021.512221248604,5928.824746906637,,,,,,6446.000000000002,,,
2020-05-07,-1021.512221248604,5938.693513310836,,,,,,6446.000000000002,,,
2020-05-08,-1021.512221248604,5928.824746906637,,,,,,6446.000000000002,,,
2020-05-11,-1000.4595896696565,5928.824746906637,,,,,,6480.200000000002,,,
2020-05-12,-979.4069580907098,5938.693513310836,,,,,,6463.100000000001,,,
2020-05-13,-937.3016949328148,5938.693513310836,,,,,,6514.400000000002,,,
2020-05-14,-853.0911686170252,5958.431046119236,,,,,,6446.000000000002,,,
2020-05-15,-853.0911686170252,5958.431046119236,,,,,,6428.9000000000015,,,
2020-05-18,-832.0385370380777,5958.431046119236,,,,,,6446.000000000002,,,
2020-05-19,-832.0385370380777,5948.562279715036,,,,,,6446.000000000002,,,
2020-05-20,-810.9859054591302,5938.693513310836,,,,,,6428.9000000000015,,,
2020-05-21,-726.7753791433411,5948.562279715036,,,,,,6360.500000000002,,,
2020-05-22,-663.617484406499,5978.168578927634,,,,,,1947.5294117647081,,,
2020-05-25,-642.5648528275515,5958.431046119236,,,,,,1923.7647058823545,,,
2020-05-26,-663.617484406499,5968.299812523435,,,,,,1943.7647058823545,,,
2020-05-27,-663.617484406499,5948.562279715036,,,,,,1951.2941176470604,,,
2020-05-28,-663.617484406499,5918.955980502438,,,,,,1971.2941176470604,,,
2020-05-29,-684.6701159854465,5948.562279715036,,,,,,1968.8235294117667,,,
2020-06-01,-705.722747564394,5928.824746906637,,,,,,1983.7647058823545,,,
2020-06-02,-810.9859054591302,5918.955980502438,,,,,,1982.470588235296,,,
2020-06-03,-726.7753791433411,5928.824746906637,,,,,,1956.2352941176487,,,
2020-06-04,-726.7753791433411,5938.693513310836,,,,,,1922.470588235296,,,
2020-06-05,-726.7753791433411,5928.824746906637,,,,,,1940.0000000000018,,,
2020-06-08,-705.722747564394,5938.693513310836,,,,,,1983.7647058823545,,,
2020-06-09,-747.8280107222886,5928.824746906637,,,,,,1980.0000000000018,,,
2020-06-10,-705.722747564394,5948.562279715036,,,,,,1991.2941176470604,,,
2020-06-11,-684.6701159854465,5968.299812523435,,,,,,1967.5294117647081,,,
2020-06-12,-684.6701159854465,5968.299812523435,,,,,,2015.058823529414,,,
2020-06-15,-642.5648528275515,6017.643644544432,,,,,,2016.3529411764725,,,
2020-06-16,-663.617484406499,5997.906111736034,,,,,,2001.2941176470604,,,
2020-06-17,-705.722747564394,5988.037345331834,,,,,,2001.2941176470604,,,
2020-06-18,-789.9332738801836,5997.906111736034,,,,,,2043.7647058823545,,,
2020-06-19,-768.8806423012361,5997.906111736034,,,,,,2006.2352941176487,,,
2020-06-22,-726.7753791433411,5988.037345331834,,,,,,2047.5294117647081,,,
2020-06-23,-684.6701159854465,5997.906111736034,,,,,,2051.2941176470604,,,
2020-06-24,-747.8280107222886,5978.168578927634,,,,,,2041.2941176470604,,,
2020-06-29,-726.7753791433411,5978.168578927634,,,,,,1998.8235294117667,,,
2020-06-30,-747.8280107222886,5968.299812523435,,,,,,2005.058823529414,,,
2020-07-01,-768.8806423012361,5958.431046119236,,,,,,2006.2352941176487,,,
2020-07-02,-832.0385370380777,5899.218447694038,,,,,,2079.8823529411784,,,
2020-07-03,-810.9859054591302,5840.005849268842,,,,,,2039.7647058823545,,,
2020-07-06,-1021.512221248604,5593.286689163855,,,,,,2089.411764705884,,,
2020-07-07,-1021.512221248604,5622.892988376454,,,,,,2231.882352941178,,,
2020-07-08,-1084.6701159854456,5642.630521184852,,,,,,2386.8235294117667,,,
2020-07-09,-1084.6701159854456,5711.711886014249,,,,,,2356.8235294117667,,,
2020-07-10,-1000.4595896696565,9113.942857142858,,,,,,2454.4705882352955,,,
2020-07-13,-1063.617484406499,9083.585714285715,,,,,,-2101.8823529411748,,,
2020-07-14,-1021.512221248604,9062.157142857144,,,,,,-2060.588235294116,,,
2020-07-15,-1000.4595896696565,9271.085714285715,,,,,,-1991.7647058823509,,,
2020-07-16,-1063.617484406499,9290.728571428572,,,,,,-1895.4117647058806,,,
2020-07-17,-1021.512221248604,9291.085714285715,,,,,,-1757.7647058823513,,,
2020-07-20,-1126.7753791433406,9282.514285714286,,,,,,-1950.4705882352923,,,
2020-07-21,-1084.6701159854456,9291.800000000001,,,,,,-2019.2941176470572,,,
2020-07-22,-1126.7753791433406,9281.442857142858,,,,,,-1977.9999999999986,,,
2020-07-23,-1105.722747564394,9280.728571428572,,,,,,-1936.7058823529392,,,
2020-07-24,-1021.512221248604,9299.300000000001,,,,,,-1840.352941176469,,,
2020-07-27,-1042.5648528275515,9308.942857142858,,,,,,-1799.05882352941,,,
2020-07-28,-1063.617484406499,9319.300000000001,,,,,,-1812.823529411763,,,
2020-07-29,-1105.722747564394,9300.014285714287,,,,,,-1867.8823529411748,,,
2020-07-30,-1126.7753791433406,9309.300000000001,,,,,,-1881.6470588235275,,,
2020-07-31,-1147.8280107222881,9319.300000000001,,,,,,-1854.1176470588216,,,
2020-08-03,-1189.9332738801832,9319.657142857144,,,,,,-1895.4117647058806,,,
2020-08-04,-1147.8280107222881,9310.728571428572,,,,,,-1922.9411764705865,,,
2020-08-05,-1126.7753791433406,9309.657142857144,,,,,,-1881.6470588235275,,,
2020-08-06,-1126.7753791433406,9310.014285714287,,,,,,-1867.8823529411748,,,
2020-08-07,-1126.7753791433406,9309.300000000001,,,,,,-1840.352941176469,,,
2020-08-10,-1147.8280107222881,9299.300000000001,,,,,,-1950.4705882352923,,,
2020-08-11,-1189.9332738801832,9299.300000000001,,,,,,-1895.4117647058806,,,
2020-08-12,-1210.9859054591307,9319.657142857144,,,,,,-1964.235294117645,,,
2020-08-13,-1337.3016949328148,9329.657142857144,,,,,,-1964.235294117645,,,
2020-08-14,-1295.1964317749198,9320.014285714287,,,,,,-1991.7647058823509,,,
2020-08-17,-1295.1964317749198,9321.800000000001,,,,,,-2060.588235294116,,,
2020-08-18,-1253.0911686170248,9330.728571428572,,,,,,-2019.2941176470572,,,
2020-08-19,-1421.512221248604,9330.014285714287,,,,,,-1977.9999999999986,,,
2020-08-20,-1274.1438001959732,9329.657142857144,,,,,,-1964.235294117645,,,
2020-08-21,-1274.1438001959732,9329.657142857144,,,,,,-1977.9999999999986,,,
2020-08-24,-1232.0385370380782,9329.300000000001,,,,,,-1950.4705882352923,,,
2020-08-25,-1189.9332738801832,9329.300000000001,,,,,,-1895.4117647058806,,,
2020-08-26,-1126.7753791433406,12649.300000000001,,,,,,-1840.352941176469,,,
2020-08-27,-1126.7753791433406,12638.942857142858,,,,,,-1840.352941176469,,,
2020-08-28,-1168.8806423012356,12649.300000000001,,,,,,-1881.6470588235275,,,
2020-08-31,-1168.8806423012356,12628.585714285715,,,,,,-1881.6470588235275,,,
2020-09-01,-1147.8280107222881,12628.585714285715,,,,,,-1909.1764705882333,,,
2020-09-02,-1168.8806423012356,12607.87142857143,,,,,,-1895.4117647058806,,,
2020-09-03,-1210.9859054591307,12587.157142857144,,,,,,-1867.8823529411748,,,
2020-09-04,-1253.0911686170248,12576.800000000001,,,,,,-1840.352941176469,,,
2020-09-07,-1253.0911686170248,12556.085714285715,,,,,,-1826.5882352941157,,,
2020-09-08,-1337.3016949328148,12597.514285714287,,,,,,-1881.6470588235275,,,
2020-09-09,-1421.512221248604,12587.157142857144,,,,,,1914.6808510638316,,,
2020-09-10,-1274.1438001959732,12576.800000000001,,,,,,1928.4397163120584,,,
2020-09-11,-1358.3543265117623,12576.800000000001,,,,,,1966.8794326241155,,,
2020-09-14,-1379.406958090709,12576.800000000001,,,,,,1946.8794326241155,,,
2020-09-15,-1379.406958090709,12576.800000000001,,,,,,1962.6595744680867,,,
2020-09-16,-1421.512221248604,12587.157142857144,,,,,,1962.6595744680867,,,
2020-09-17,-1400.4595896696574,12587.157142857144,,,,,,1976.8794326241155,,,
2020-09-18,-1400.4595896696574,12618.228571428572,,,,,,1977.3404255319165,,,
2020-09-21,-1379.406958090709,12607.87142857143,,,,,,1985.780141843973,,,
2020-09-22,-1316.2490633538673,12587.157142857144,,,,,,1986.8794326241155,,,
2020-09-23,-1295.1964317749198,12576.800000000001,,,,,,1976.8794326241155,,,
2020-09-24,-1210.9859054591307,12566.442857142858,,,,,,1947.978723404257,,,
2020-09-25,-1189.9332738801832,12566.442857142858,,,,,,1976.4184397163135,,,
2020-09-28,-1168.8806423012356,12607.87142857143,,,,,,1966.4184397163135,,,
2020-09-29,-1126.7753791433406,12587.157142857144,,,,,,2009.0780141843984,,,
2020-09-30,-1105.722747564394,12587.157142857144,,,,,,2001.7375886524842,,,
2020-10-09,-1147.8280107222881,12587.157142857144,,,,,,2024.8581560283706,,,
2020-10-12,-1210.9859054591307,12607.87142857143,,,,,,2073.758865248228,,,
2020-10-13,-1189.9332738801832,12587.157142857144,,,,,,2062.198581560285,,,
2020-10-14,-1126.7753791433406,12587.157142857144,,,,,,2120.638297872342,,,
2020-10-15,-1126.7753791433406,12597.514285714287,,,,,,2133.297872340427,,,
2020-10-16,-1147.8280107222881,12607.87142857143,,,,,,2124.8581560283706,,,
2020-10-19,-1147.8280107222881,12628.585714285715,,,,,,2139.0780141843984,,,
2020-10-20,-1126.7753791433406,12597.514285714287,,,,,,2187.5177304964554,,,
2020-10-21,-1126.7753791433406,12628.585714285715,,,,,,2129.0780141843984,,,
2020-10-22,-1126.7753791433406,12628.585714285715,,,,,,2131.737588652484,,,
2020-10-23,-1126.7753791433406,12649.300000000001,,,,,,2299.0780141843984,,,
2020-10-26,-1084.6701159854456,12649.300000000001,,,,,,2287.5177304964554,,,
2020-10-27,-1042.5648528275515,12628.585714285715,,,,,,2235.957446808512,,,
2020-10-28,-1021.512221248604,12597.514285714287,,,,,,2280.177304964541,,,
2020-10-29,-1000.4595896696565,12566.442857142858,,,,,,2278.6170212765974,,,
2020-10-30,-979.4069580907098,12566.442857142858,,,,,,2157.0567375886544,,,
2020-11-02,-1063.617484406499,12587.157142857144,,,,,,2155.496453900711,,,
2020-11-03,-1126.7753791433406,12597.514285714287,,,,,,2158.6170212765974,,,
2020-11-04,-1147.8280107222881,12587.157142857144,,,,,,2147.0567375886544,,,
2020-11-05,-1147.8280107222881,12597.514285714287,,,,,,2154.3971631205686,,,
2020-11-06,-1168.8806423012356,12618.228571428572,,,,,,2160.177304964541,,,
2020-11-09,-1210.9859054591307,12628.585714285715,,,,,,2183.297872340427,,,
2020-11-10,-1168.8806423012356,12628.585714285715,,,,,,2191.737588652484,,,
2020-11-11,-1232.0385370380782,12649.300000000001,,,,,,2230.638297872342,,,
2020-11-12,-1210.9859054591307,12628.585714285715,,,,,,2211.737588652484,,,
2020-11-13,-1189.9332738801832,12597.514285714287,,,,,,2130.177304964541,,,
2020-11-16,-1295.1964317749198,12607.87142857143,,,,,,2242.198581560285,,,
2020-11-17,-1295.1964317749198,12607.87142857143,,,,,,2230.638297872342,,,
2020-11-18,-1295.1964317749198,12628.585714285715,,,,,,2216.4184397163135,,,
2020-11-19,-1316.2490633538673,12649.300000000001,,,,,,2206.4184397163135,,,
2020-11-20,-1337.3016949328148,12618.228571428572,,,,,,2182.198581560285,,,
2020-11-23,-1400.4595896696574,12659.657142857144,,,,,,2057.3404255319165,,,
2020-11-24,-1379.406958090709,12649.300000000001,,,,,,2073.120567375888,,,
2020-11-25,-1379.406958090709,12638.942857142858,,,,,,2125.319148936172,,,
2020-11-26,-1463.617484406499,12649.300000000001,,,,,,2109.5390070922003,,,
2020-11-27,-1400.4595896696574,12742.514285714286,,,,,,2131.0992907801433,,,
2020-11-30,-1379.406958090709,12711.442857142858,,,,,,2238.4397163120584,,,
2020-12-01,-1400.4595896696574,12783.942857142858,,,,,,2220.000000000002,,,
2020-12-02,-1421.512221248604,12752.87142857143,,,,,,2268.4397163120584,,,
2020-12-03,-1442.5648528275524,12732.157142857144,,,,,,2246.8794326241155,,,
2020-12-04,-1400.4595896696574,12690.728571428572,,,,,,2219.5390070922003,,,
2020-12-07,-1442.5648528275524,12659.657142857144,,,,,,2224.8581560283706,,,
2020-12-08,-1421.512221248604,12638.942857142858,,,,,,2209.0780141843984,,,
2020-12-09,-1379.406958090709,12649.300000000001,,,,,,2211.737588652484,,,
2020-12-10,-1358.3543265117623,12649.300000000001,,,,,,2215.957446808512,,,
2020-12-11,-1126.7753791433406,12638.942857142858,,,,,,2198.6170212765974,,,
2020-12-14,-1210.9859054591307,12638.942857142858,,,,,,2188.6170212765974,,,
2020-12-15,-1210.9859054591307,12607.87142857143,,,,,,2212.8368794326257,,,
2020-12-16,-1253.0911686170248,12597.514285714287,,,,,,2145.957446808512,,,
2020-12-17,-1421.512221248604,12597.514285714287,,,,,,2139.0780141843984,,,
2020-12-18,-1484.6701159854465,12587.157142857144,,,,,,1933.1205673758882,,,
2020-12-21,-1442.5648528275524,12587.157142857144,,,,,,1880.4609929078024,,,
2020-12-22,-1400.4595896696574,12566.442857142858,,,,,,1939.5390070922003,,,
2020-12-23,-1526.7753791433415,12556.085714285715,,,,,,1935.319148936172,,,
2020-12-24,-1442.5648528275524,12556.085714285715,,,,,,1927.978723404257,,,
2020-12-25,-1568.8806423012365,12566.442857142858,,,,,,1860.0000000000018,,,
2020-12-28,-1568.8806423012365,12556.085714285715,,,,,,1866.8794326241155,,,
2020-12-29,-1568.8806423012365,12556.085714285715,,,,,,1966.4184397163135,,,
2020-12-30,-1653.0911686170248,12545.728571428572,,,,,,1966.4184397163135,,,
2020-12-31,-1589.9332738801832,12556.085714285715,,,,,,1997.978723404257,,,
